CostMonth,BUKey,RegionKey,ServiceCategory,ConsumedUnits,UnitCost,MonthlyCost,Currency
2026-04-01,1,1,Windows 365 License,176,68.7532,12100.57,USD
2026-04-01,1,1,Cloud PC Compute,176,21.9207,3858.04,USD
2026-04-01,1,1,Cloud PC Storage,176,7.8351,1378.98,USD
2026-04-01,1,1,NAT Gateway,5438,0.0498,270.65,USD
2026-04-01,1,1,Monitoring / Exoprise,176,2.1647,380.99,USD
2026-04-01,1,1,Mac Management,17,6.0934,103.59,USD
2026-04-01,1,2,Windows 365 License,216,72.4803,15655.74,USD
2026-04-01,1,2,Cloud PC Compute,216,19.0128,4106.76,USD
2026-04-01,1,2,Cloud PC Storage,216,8.0812,1745.54,USD
2026-04-01,1,2,NAT Gateway,4284,0.0467,199.9,USD
2026-04-01,1,2,Monitoring / Exoprise,216,2.2937,495.44,USD
2026-04-01,1,2,Mac Management,25,5.7625,144.06,USD
2026-04-01,1,3,Windows 365 License,190,73.6543,13994.32,USD
2026-04-01,1,3,Cloud PC Compute,190,18.5413,3522.86,USD
2026-04-01,1,3,Cloud PC Storage,190,6.9057,1312.07,USD
2026-04-01,1,3,NAT Gateway,4954,0.0487,241.49,USD
2026-04-01,1,3,Monitoring / Exoprise,190,2.251,427.69,USD
2026-04-01,1,3,Mac Management,22,6.2911,138.4,USD
2026-04-01,1,4,Windows 365 License,218,69.6535,15184.46,USD
2026-04-01,1,4,Cloud PC Compute,218,20.4199,4451.54,USD
2026-04-01,1,4,Cloud PC Storage,218,7.1412,1556.78,USD
2026-04-01,1,4,NAT Gateway,1234,0.0496,61.24,USD
2026-04-01,1,4,Monitoring / Exoprise,218,2.1504,468.78,USD
2026-04-01,1,4,Mac Management,23,5.7163,131.47,USD
2026-04-01,1,5,Windows 365 License,198,69.7338,13807.28,USD
2026-04-01,1,5,Cloud PC Compute,198,18.6785,3698.34,USD
2026-04-01,1,5,Cloud PC Storage,198,7.6916,1522.94,USD
2026-04-01,1,5,NAT Gateway,2633,0.0497,130.92,USD
2026-04-01,1,5,Monitoring / Exoprise,198,2.1818,432.0,USD
2026-04-01,1,5,Mac Management,19,6.0168,114.32,USD
2026-04-01,1,6,Windows 365 License,207,75.2785,15582.65,USD
2026-04-01,1,6,Cloud PC Compute,207,19.6913,4076.09,USD
2026-04-01,1,6,Cloud PC Storage,207,8.0522,1666.81,USD
2026-04-01,1,6,NAT Gateway,2460,0.0438,107.72,USD
2026-04-01,1,6,Monitoring / Exoprise,207,2.1796,451.17,USD
2026-04-01,1,6,Mac Management,31,6.1726,191.35,USD
2026-04-01,2,1,Windows 365 License,180,68.6911,12364.39,USD
2026-04-01,2,1,Cloud PC Compute,180,21.7884,3921.91,USD
2026-04-01,2,1,Cloud PC Storage,180,7.9038,1422.69,USD
2026-04-01,2,1,NAT Gateway,1378,0.0442,60.92,USD
2026-04-01,2,1,Monitoring / Exoprise,180,2.194,394.92,USD
2026-04-01,2,1,Mac Management,21,5.7796,121.37,USD
2026-04-01,2,2,Windows 365 License,195,69.7702,13605.19,USD
2026-04-01,2,2,Cloud PC Compute,195,18.3335,3575.03,USD
2026-04-01,2,2,Cloud PC Storage,195,8.2497,1608.7,USD
2026-04-01,2,2,NAT Gateway,4479,0.0416,186.43,USD
2026-04-01,2,2,Monitoring / Exoprise,195,2.2288,434.62,USD
2026-04-01,2,2,Mac Management,29,5.7706,167.35,USD
2026-04-01,2,3,Windows 365 License,198,75.8615,15020.58,USD
2026-04-01,2,3,Cloud PC Compute,198,18.7892,3720.27,USD
2026-04-01,2,3,Cloud PC Storage,198,7.6618,1517.03,USD
2026-04-01,2,3,NAT Gateway,2272,0.041,93.2,USD
2026-04-01,2,3,Monitoring / Exoprise,198,2.2604,447.57,USD
2026-04-01,2,3,Mac Management,17,5.7318,97.44,USD
2026-04-01,2,4,Windows 365 License,190,71.6436,13612.28,USD
2026-04-01,2,4,Cloud PC Compute,190,19.0805,3625.3,USD
2026-04-01,2,4,Cloud PC Storage,190,7.9436,1509.29,USD
2026-04-01,2,4,NAT Gateway,4218,0.0404,170.29,USD
2026-04-01,2,4,Monitoring / Exoprise,190,2.3233,441.43,USD
2026-04-01,2,4,Mac Management,28,6.2822,175.9,USD
2026-04-01,2,5,Windows 365 License,200,70.4735,14094.71,USD
2026-04-01,2,5,Cloud PC Compute,200,18.3066,3661.32,USD
2026-04-01,2,5,Cloud PC Storage,200,6.8305,1366.09,USD
2026-04-01,2,5,NAT Gateway,6969,0.0449,312.86,USD
2026-04-01,2,5,Monitoring / Exoprise,200,2.2532,450.65,USD
2026-04-01,2,5,Mac Management,29,6.0227,174.66,USD
2026-04-01,2,6,Windows 365 License,176,70.1981,12354.86,USD
2026-04-01,2,6,Cloud PC Compute,176,21.062,3706.91,USD
2026-04-01,2,6,Cloud PC Storage,176,7.5234,1324.11,USD
2026-04-01,2,6,NAT Gateway,2636,0.0451,118.95,USD
2026-04-01,2,6,Monitoring / Exoprise,176,2.2823,401.68,USD
2026-04-01,2,6,Mac Management,13,5.754,74.8,USD
2026-04-01,3,1,Windows 365 License,198,74.5061,14752.21,USD
2026-04-01,3,1,Cloud PC Compute,198,18.4659,3656.25,USD
2026-04-01,3,1,Cloud PC Storage,198,8.1952,1622.64,USD
2026-04-01,3,1,NAT Gateway,1356,0.048,65.08,USD
2026-04-01,3,1,Monitoring / Exoprise,198,2.1845,432.53,USD
2026-04-01,3,1,Mac Management,31,5.9513,184.49,USD
2026-04-01,3,2,Windows 365 License,207,73.7949,15275.55,USD
2026-04-01,3,2,Cloud PC Compute,207,19.2786,3990.66,USD
2026-04-01,3,2,Cloud PC Storage,207,7.9054,1636.41,USD
2026-04-01,3,2,NAT Gateway,5276,0.044,232.07,USD
2026-04-01,3,2,Monitoring / Exoprise,207,2.3543,487.35,USD
2026-04-01,3,2,Mac Management,19,5.8429,111.02,USD
2026-04-01,3,3,Windows 365 License,200,70.0575,14011.51,USD
2026-04-01,3,3,Cloud PC Compute,200,21.9369,4387.37,USD
2026-04-01,3,3,Cloud PC Storage,200,7.4908,1498.16,USD
2026-04-01,3,3,NAT Gateway,4679,0.0409,191.58,USD
2026-04-01,3,3,Monitoring / Exoprise,200,2.2701,454.02,USD
2026-04-01,3,3,Mac Management,20,6.0769,121.54,USD
2026-04-01,3,4,Windows 365 License,177,67.8172,12003.64,USD
2026-04-01,3,4,Cloud PC Compute,177,21.7349,3847.08,USD
2026-04-01,3,4,Cloud PC Storage,177,8.1354,1439.97,USD
2026-04-01,3,4,NAT Gateway,1047,0.0457,47.85,USD
2026-04-01,3,4,Monitoring / Exoprise,177,2.1463,379.9,USD
2026-04-01,3,4,Mac Management,25,6.0287,150.72,USD
2026-04-01,3,5,Windows 365 License,198,73.9753,14647.11,USD
2026-04-01,3,5,Cloud PC Compute,198,21.2197,4201.49,USD
2026-04-01,3,5,Cloud PC Storage,198,7.8345,1551.23,USD
2026-04-01,3,5,NAT Gateway,1313,0.0455,59.75,USD
2026-04-01,3,5,Monitoring / Exoprise,198,2.3397,463.26,USD
2026-04-01,3,5,Mac Management,25,5.8589,146.47,USD
2026-04-01,3,6,Windows 365 License,196,75.0423,14708.29,USD
2026-04-01,3,6,Cloud PC Compute,196,19.6628,3853.91,USD
2026-04-01,3,6,Cloud PC Storage,196,7.4327,1456.8,USD
2026-04-01,3,6,NAT Gateway,6203,0.0416,257.8,USD
2026-04-01,3,6,Monitoring / Exoprise,196,2.341,458.83,USD
2026-04-01,3,6,Mac Management,25,5.8667,146.67,USD
2026-04-01,4,1,Windows 365 License,174,75.4391,13126.4,USD
2026-04-01,4,1,Cloud PC Compute,174,19.7211,3431.48,USD
2026-04-01,4,1,Cloud PC Storage,174,7.4934,1303.85,USD
2026-04-01,4,1,NAT Gateway,6650,0.0405,269.62,USD
2026-04-01,4,1,Monitoring / Exoprise,174,2.1897,381.01,USD
2026-04-01,4,1,Mac Management,18,5.9069,106.32,USD
2026-04-01,4,2,Windows 365 License,184,70.3214,12939.13,USD
2026-04-01,4,2,Cloud PC Compute,184,20.5949,3789.45,USD
2026-04-01,4,2,Cloud PC Storage,184,7.0314,1293.78,USD
2026-04-01,4,2,NAT Gateway,3922,0.0468,183.74,USD
2026-04-01,4,2,Monitoring / Exoprise,184,2.2653,416.81,USD
2026-04-01,4,2,Mac Management,25,6.1948,154.87,USD
2026-04-01,4,3,Windows 365 License,188,73.3452,13788.9,USD
2026-04-01,4,3,Cloud PC Compute,188,21.3296,4009.96,USD
2026-04-01,4,3,Cloud PC Storage,188,7.5767,1424.43,USD
2026-04-01,4,3,NAT Gateway,1488,0.0417,62.07,USD
2026-04-01,4,3,Monitoring / Exoprise,188,2.186,410.96,USD
2026-04-01,4,3,Mac Management,25,6.2556,156.39,USD
2026-04-01,4,4,Windows 365 License,203,70.3666,14284.42,USD
2026-04-01,4,4,Cloud PC Compute,203,18.3205,3719.06,USD
2026-04-01,4,4,Cloud PC Storage,203,6.7801,1376.37,USD
2026-04-01,4,4,NAT Gateway,6038,0.0471,284.38,USD
2026-04-01,4,4,Monitoring / Exoprise,203,2.1621,438.91,USD
2026-04-01,4,4,Mac Management,19,5.8105,110.4,USD
2026-04-01,4,5,Windows 365 License,194,70.1801,13614.94,USD
2026-04-01,4,5,Cloud PC Compute,194,19.0928,3704.01,USD
2026-04-01,4,5,Cloud PC Storage,194,7.113,1379.92,USD
2026-04-01,4,5,NAT Gateway,4476,0.0451,201.67,USD
2026-04-01,4,5,Monitoring / Exoprise,194,2.1891,424.68,USD
2026-04-01,4,5,Mac Management,11,6.0249,66.27,USD
2026-04-01,4,6,Windows 365 License,185,69.4295,12844.46,USD
2026-04-01,4,6,Cloud PC Compute,185,21.4751,3972.9,USD
2026-04-01,4,6,Cloud PC Storage,185,7.3703,1363.5,USD
2026-04-01,4,6,NAT Gateway,841,0.0412,34.65,USD
2026-04-01,4,6,Monitoring / Exoprise,185,2.2418,414.73,USD
2026-04-01,4,6,Mac Management,25,5.9628,149.07,USD
2026-04-01,5,1,Windows 365 License,167,72.2714,12069.32,USD
2026-04-01,5,1,Cloud PC Compute,167,20.5936,3439.13,USD
2026-04-01,5,1,Cloud PC Storage,167,7.3496,1227.38,USD
2026-04-01,5,1,NAT Gateway,3966,0.0417,165.41,USD
2026-04-01,5,1,Monitoring / Exoprise,167,2.2467,375.2,USD
2026-04-01,5,1,Mac Management,21,6.1099,128.31,USD
2026-04-01,5,2,Windows 365 License,200,72.2763,14455.26,USD
2026-04-01,5,2,Cloud PC Compute,200,20.9712,4194.23,USD
2026-04-01,5,2,Cloud PC Storage,200,7.0695,1413.91,USD
2026-04-01,5,2,NAT Gateway,5826,0.0469,273.34,USD
2026-04-01,5,2,Monitoring / Exoprise,200,2.2372,447.44,USD
2026-04-01,5,2,Mac Management,21,5.9918,125.83,USD
2026-04-01,5,3,Windows 365 License,214,73.4354,15715.18,USD
2026-04-01,5,3,Cloud PC Compute,214,18.8487,4033.63,USD
2026-04-01,5,3,Cloud PC Storage,214,7.6737,1642.17,USD
2026-04-01,5,3,NAT Gateway,3080,0.0456,140.5,USD
2026-04-01,5,3,Monitoring / Exoprise,214,2.2324,477.72,USD
2026-04-01,5,3,Mac Management,30,6.0343,181.03,USD
2026-04-01,5,4,Windows 365 License,188,73.3078,13781.86,USD
2026-04-01,5,4,Cloud PC Compute,188,20.8365,3917.26,USD
2026-04-01,5,4,Cloud PC Storage,188,7.883,1482.01,USD
2026-04-01,5,4,NAT Gateway,3549,0.0423,150.09,USD
2026-04-01,5,4,Monitoring / Exoprise,188,2.256,424.14,USD
2026-04-01,5,4,Mac Management,23,6.1712,141.94,USD
2026-04-01,5,5,Windows 365 License,198,69.2252,13706.59,USD
2026-04-01,5,5,Cloud PC Compute,198,18.1343,3590.58,USD
2026-04-01,5,5,Cloud PC Storage,198,7.3685,1458.96,USD
2026-04-01,5,5,NAT Gateway,3556,0.0497,176.91,USD
2026-04-01,5,5,Monitoring / Exoprise,198,2.2878,452.98,USD
2026-04-01,5,5,Mac Management,14,5.9845,83.78,USD
2026-04-01,5,6,Windows 365 License,186,74.6747,13889.49,USD
2026-04-01,5,6,Cloud PC Compute,186,18.9208,3519.27,USD
2026-04-01,5,6,Cloud PC Storage,186,8.2264,1530.11,USD
2026-04-01,5,6,NAT Gateway,2474,0.0443,109.71,USD
2026-04-01,5,6,Monitoring / Exoprise,186,2.2207,413.04,USD
2026-04-01,5,6,Mac Management,20,6.1055,122.11,USD
2026-04-01,6,1,Windows 365 License,197,75.798,14932.2,USD
2026-04-01,6,1,Cloud PC Compute,197,18.5878,3661.79,USD
2026-04-01,6,1,Cloud PC Storage,197,7.2188,1422.1,USD
2026-04-01,6,1,NAT Gateway,5269,0.0432,227.59,USD
2026-04-01,6,1,Monitoring / Exoprise,197,2.2621,445.64,USD
2026-04-01,6,1,Mac Management,20,5.7842,115.68,USD
2026-04-01,6,2,Windows 365 License,196,72.263,14163.56,USD
2026-04-01,6,2,Cloud PC Compute,196,21.2663,4168.19,USD
2026-04-01,6,2,Cloud PC Storage,196,8.0661,1580.96,USD
2026-04-01,6,2,NAT Gateway,5976,0.0451,269.7,USD
2026-04-01,6,2,Monitoring / Exoprise,196,2.1528,421.95,USD
2026-04-01,6,2,Mac Management,16,6.152,98.43,USD
2026-04-01,6,3,Windows 365 License,193,73.311,14149.03,USD
2026-04-01,6,3,Cloud PC Compute,193,21.1942,4090.48,USD
2026-04-01,6,3,Cloud PC Storage,193,6.9633,1343.92,USD
2026-04-01,6,3,NAT Gateway,1203,0.0475,57.15,USD
2026-04-01,6,3,Monitoring / Exoprise,193,2.3487,453.3,USD
2026-04-01,6,3,Mac Management,13,5.7819,75.16,USD
2026-04-01,6,4,Windows 365 License,176,74.3805,13090.97,USD
2026-04-01,6,4,Cloud PC Compute,176,21.9686,3866.48,USD
2026-04-01,6,4,Cloud PC Storage,176,8.209,1444.78,USD
2026-04-01,6,4,NAT Gateway,2598,0.0432,112.12,USD
2026-04-01,6,4,Monitoring / Exoprise,176,2.1458,377.66,USD
2026-04-01,6,4,Mac Management,16,5.7985,92.78,USD
2026-04-01,6,5,Windows 365 License,202,76.0192,15355.87,USD
2026-04-01,6,5,Cloud PC Compute,202,21.7676,4397.05,USD
2026-04-01,6,5,Cloud PC Storage,202,7.9535,1606.61,USD
2026-04-01,6,5,NAT Gateway,5842,0.0458,267.43,USD
2026-04-01,6,5,Monitoring / Exoprise,202,2.2932,463.24,USD
2026-04-01,6,5,Mac Management,15,5.9056,88.58,USD
2026-04-01,6,6,Windows 365 License,185,68.0448,12588.29,USD
2026-04-01,6,6,Cloud PC Compute,185,18.2913,3383.89,USD
2026-04-01,6,6,Cloud PC Storage,185,8.1163,1501.51,USD
2026-04-01,6,6,NAT Gateway,2914,0.0461,134.44,USD
2026-04-01,6,6,Monitoring / Exoprise,185,2.3052,426.47,USD
2026-04-01,6,6,Mac Management,21,6.2062,130.33,USD
2026-04-01,7,1,Windows 365 License,193,69.9534,13501.0,USD
2026-04-01,7,1,Cloud PC Compute,193,21.9242,4231.36,USD
2026-04-01,7,1,Cloud PC Storage,193,6.9851,1348.12,USD
2026-04-01,7,1,NAT Gateway,2287,0.0504,115.24,USD
2026-04-01,7,1,Monitoring / Exoprise,193,2.3209,447.93,USD
2026-04-01,7,1,Mac Management,19,6.0824,115.57,USD
2026-04-01,7,2,Windows 365 License,193,68.9208,13301.71,USD
2026-04-01,7,2,Cloud PC Compute,193,19.2109,3707.7,USD
2026-04-01,7,2,Cloud PC Storage,193,7.3591,1420.3,USD
2026-04-01,7,2,NAT Gateway,2312,0.0418,96.62,USD
2026-04-01,7,2,Monitoring / Exoprise,193,2.1909,422.85,USD
2026-04-01,7,2,Mac Management,22,6.0342,132.75,USD
2026-04-01,7,3,Windows 365 License,186,75.9237,14121.8,USD
2026-04-01,7,3,Cloud PC Compute,186,18.8369,3503.66,USD
2026-04-01,7,3,Cloud PC Storage,186,7.4404,1383.91,USD
2026-04-01,7,3,NAT Gateway,2052,0.0407,83.46,USD
2026-04-01,7,3,Monitoring / Exoprise,186,2.1775,405.02,USD
2026-04-01,7,3,Mac Management,20,5.7656,115.31,USD
2026-04-01,7,4,Windows 365 License,196,67.7469,13278.4,USD
2026-04-01,7,4,Cloud PC Compute,196,21.8897,4290.39,USD
2026-04-01,7,4,Cloud PC Storage,196,7.2217,1415.46,USD
2026-04-01,7,4,NAT Gateway,3566,0.0493,175.7,USD
2026-04-01,7,4,Monitoring / Exoprise,196,2.2653,443.99,USD
2026-04-01,7,4,Mac Management,19,5.8431,111.02,USD
2026-04-01,7,5,Windows 365 License,165,71.4071,11782.18,USD
2026-04-01,7,5,Cloud PC Compute,165,21.5277,3552.06,USD
2026-04-01,7,5,Cloud PC Storage,165,7.7211,1273.97,USD
2026-04-01,7,5,NAT Gateway,1256,0.0409,51.37,USD
2026-04-01,7,5,Monitoring / Exoprise,165,2.3011,379.68,USD
2026-04-01,7,5,Mac Management,16,5.7191,91.51,USD
2026-04-01,7,6,Windows 365 License,195,72.0526,14050.25,USD
2026-04-01,7,6,Cloud PC Compute,195,19.4205,3787.01,USD
2026-04-01,7,6,Cloud PC Storage,195,7.6474,1491.24,USD
2026-04-01,7,6,NAT Gateway,6597,0.0432,285.02,USD
2026-04-01,7,6,Monitoring / Exoprise,195,2.1589,420.99,USD
2026-04-01,7,6,Mac Management,23,5.851,134.57,USD
2026-04-01,8,1,Windows 365 License,198,75.0819,14866.22,USD
2026-04-01,8,1,Cloud PC Compute,198,19.3212,3825.61,USD
2026-04-01,8,1,Cloud PC Storage,198,6.9874,1383.5,USD
2026-04-01,8,1,NAT Gateway,2383,0.0461,109.81,USD
2026-04-01,8,1,Monitoring / Exoprise,198,2.3536,466.01,USD
2026-04-01,8,1,Mac Management,18,5.9896,107.81,USD
2026-04-01,8,2,Windows 365 License,216,72.4113,15640.85,USD
2026-04-01,8,2,Cloud PC Compute,216,19.988,4317.42,USD
2026-04-01,8,2,Cloud PC Storage,216,6.7721,1462.78,USD
2026-04-01,8,2,NAT Gateway,6244,0.0432,269.56,USD
2026-04-01,8,2,Monitoring / Exoprise,216,2.2308,481.85,USD
2026-04-01,8,2,Mac Management,23,6.1419,141.26,USD
2026-04-01,8,3,Windows 365 License,187,67.9655,12709.55,USD
2026-04-01,8,3,Cloud PC Compute,187,21.2966,3982.47,USD
2026-04-01,8,3,Cloud PC Storage,187,7.2279,1351.61,USD
2026-04-01,8,3,NAT Gateway,3958,0.0454,179.88,USD
2026-04-01,8,3,Monitoring / Exoprise,187,2.3306,435.83,USD
2026-04-01,8,3,Mac Management,24,6.2545,150.11,USD
2026-04-01,8,4,Windows 365 License,212,72.826,15439.11,USD
2026-04-01,8,4,Cloud PC Compute,212,18.7243,3969.56,USD
2026-04-01,8,4,Cloud PC Storage,212,7.8033,1654.3,USD
2026-04-01,8,4,NAT Gateway,6469,0.0486,314.4,USD
2026-04-01,8,4,Monitoring / Exoprise,212,2.1687,459.76,USD
2026-04-01,8,4,Mac Management,20,5.7052,114.1,USD
2026-04-01,8,5,Windows 365 License,189,73.6551,13920.81,USD
2026-04-01,8,5,Cloud PC Compute,189,20.0056,3781.06,USD
2026-04-01,8,5,Cloud PC Storage,189,7.2392,1368.22,USD
2026-04-01,8,5,NAT Gateway,6871,0.0491,337.17,USD
2026-04-01,8,5,Monitoring / Exoprise,189,2.1796,411.95,USD
2026-04-01,8,5,Mac Management,26,5.7763,150.18,USD
2026-04-01,8,6,Windows 365 License,175,69.021,12078.68,USD
2026-04-01,8,6,Cloud PC Compute,175,19.9992,3499.86,USD
2026-04-01,8,6,Cloud PC Storage,175,7.7001,1347.52,USD
2026-04-01,8,6,NAT Gateway,3231,0.0401,129.62,USD
2026-04-01,8,6,Monitoring / Exoprise,175,2.2554,394.69,USD
2026-04-01,8,6,Mac Management,16,5.8048,92.88,USD
2026-04-01,9,1,Windows 365 License,194,74.7717,14505.71,USD
2026-04-01,9,1,Cloud PC Compute,194,19.5443,3791.6,USD
2026-04-01,9,1,Cloud PC Storage,194,7.3044,1417.05,USD
2026-04-01,9,1,NAT Gateway,5511,0.0418,230.45,USD
2026-04-01,9,1,Monitoring / Exoprise,194,2.2585,438.15,USD
2026-04-01,9,1,Mac Management,23,6.2998,144.9,USD
2026-04-01,9,2,Windows 365 License,200,75.3208,15064.16,USD
2026-04-01,9,2,Cloud PC Compute,200,19.6539,3930.77,USD
2026-04-01,9,2,Cloud PC Storage,200,7.0339,1406.77,USD
2026-04-01,9,2,NAT Gateway,4910,0.0461,226.41,USD
2026-04-01,9,2,Monitoring / Exoprise,200,2.1581,431.62,USD
2026-04-01,9,2,Mac Management,20,5.8649,117.3,USD
2026-04-01,9,3,Windows 365 License,206,68.8747,14188.19,USD
2026-04-01,9,3,Cloud PC Compute,206,19.8477,4088.62,USD
2026-04-01,9,3,Cloud PC Storage,206,7.7564,1597.83,USD
2026-04-01,9,3,NAT Gateway,4769,0.0504,240.13,USD
2026-04-01,9,3,Monitoring / Exoprise,206,2.3491,483.91,USD
2026-04-01,9,3,Mac Management,19,5.8078,110.35,USD
2026-04-01,9,4,Windows 365 License,194,69.2305,13430.72,USD
2026-04-01,9,4,Cloud PC Compute,194,20.7603,4027.49,USD
2026-04-01,9,4,Cloud PC Storage,194,7.4154,1438.58,USD
2026-04-01,9,4,NAT Gateway,3235,0.0438,141.55,USD
2026-04-01,9,4,Monitoring / Exoprise,194,2.1996,426.73,USD
2026-04-01,9,4,Mac Management,20,6.0557,121.11,USD
2026-04-01,9,5,Windows 365 License,201,72.4545,14563.34,USD
2026-04-01,9,5,Cloud PC Compute,201,19.7759,3974.95,USD
2026-04-01,9,5,Cloud PC Storage,201,7.8592,1579.69,USD
2026-04-01,9,5,NAT Gateway,4591,0.044,201.94,USD
2026-04-01,9,5,Monitoring / Exoprise,201,2.3317,468.66,USD
2026-04-01,9,5,Mac Management,18,6.0364,108.66,USD
2026-04-01,9,6,Windows 365 License,208,75.5838,15721.44,USD
2026-04-01,9,6,Cloud PC Compute,208,20.9918,4366.3,USD
2026-04-01,9,6,Cloud PC Storage,208,7.5068,1561.41,USD
2026-04-01,9,6,NAT Gateway,2549,0.0489,124.69,USD
2026-04-01,9,6,Monitoring / Exoprise,208,2.1414,445.41,USD
2026-04-01,9,6,Mac Management,18,6.2561,112.61,USD
2026-04-01,10,1,Windows 365 License,195,68.637,13384.21,USD
2026-04-01,10,1,Cloud PC Compute,195,21.689,4229.35,USD
2026-04-01,10,1,Cloud PC Storage,195,7.5409,1470.47,USD
2026-04-01,10,1,NAT Gateway,5109,0.0469,239.82,USD
2026-04-01,10,1,Monitoring / Exoprise,195,2.267,442.07,USD
2026-04-01,10,1,Mac Management,28,6.1981,173.55,USD
2026-04-01,10,2,Windows 365 License,186,74.8052,13913.76,USD
2026-04-01,10,2,Cloud PC Compute,186,20.9476,3896.25,USD
2026-04-01,10,2,Cloud PC Storage,186,7.953,1479.27,USD
2026-04-01,10,2,NAT Gateway,1174,0.0421,49.45,USD
2026-04-01,10,2,Monitoring / Exoprise,186,2.314,430.41,USD
2026-04-01,10,2,Mac Management,20,6.0987,121.97,USD
2026-04-01,10,3,Windows 365 License,208,71.2096,14811.6,USD
2026-04-01,10,3,Cloud PC Compute,208,21.9911,4574.14,USD
2026-04-01,10,3,Cloud PC Storage,208,7.5346,1567.2,USD
2026-04-01,10,3,NAT Gateway,5812,0.0398,231.58,USD
2026-04-01,10,3,Monitoring / Exoprise,208,2.2601,470.09,USD
2026-04-01,10,3,Mac Management,17,6.1588,104.7,USD
2026-04-01,10,4,Windows 365 License,203,70.6663,14345.27,USD
2026-04-01,10,4,Cloud PC Compute,203,19.922,4044.16,USD
2026-04-01,10,4,Cloud PC Storage,203,8.1172,1647.78,USD
2026-04-01,10,4,NAT Gateway,2911,0.0477,138.91,USD
2026-04-01,10,4,Monitoring / Exoprise,203,2.2529,457.33,USD
2026-04-01,10,4,Mac Management,28,6.1361,171.81,USD
2026-04-01,10,5,Windows 365 License,213,73.2901,15610.8,USD
2026-04-01,10,5,Cloud PC Compute,213,18.5099,3942.6,USD
2026-04-01,10,5,Cloud PC Storage,213,7.1629,1525.7,USD
2026-04-01,10,5,NAT Gateway,2942,0.0405,119.17,USD
2026-04-01,10,5,Monitoring / Exoprise,213,2.2035,469.33,USD
2026-04-01,10,5,Mac Management,20,6.1282,122.56,USD
2026-04-01,10,6,Windows 365 License,219,73.7362,16148.23,USD
2026-04-01,10,6,Cloud PC Compute,219,18.9551,4151.17,USD
2026-04-01,10,6,Cloud PC Storage,219,6.8975,1510.55,USD
2026-04-01,10,6,NAT Gateway,1562,0.0461,72.08,USD
2026-04-01,10,6,Monitoring / Exoprise,219,2.3363,511.66,USD
2026-04-01,10,6,Mac Management,18,6.1942,111.5,USD
2026-04-01,11,1,Windows 365 License,187,75.0497,14034.29,USD
2026-04-01,11,1,Cloud PC Compute,187,18.8361,3522.35,USD
2026-04-01,11,1,Cloud PC Storage,187,7.7609,1451.3,USD
2026-04-01,11,1,NAT Gateway,1041,0.049,50.97,USD
2026-04-01,11,1,Monitoring / Exoprise,187,2.3163,433.15,USD
2026-04-01,11,1,Mac Management,18,5.8154,104.68,USD
2026-04-01,11,2,Windows 365 License,201,70.2128,14112.77,USD
2026-04-01,11,2,Cloud PC Compute,201,21.2252,4266.26,USD
2026-04-01,11,2,Cloud PC Storage,201,7.2241,1452.05,USD
2026-04-01,11,2,NAT Gateway,5592,0.0492,275.39,USD
2026-04-01,11,2,Monitoring / Exoprise,201,2.2644,455.14,USD
2026-04-01,11,2,Mac Management,25,6.2156,155.39,USD
2026-04-01,11,3,Windows 365 License,206,74.3117,15308.21,USD
2026-04-01,11,3,Cloud PC Compute,206,19.8379,4086.6,USD
2026-04-01,11,3,Cloud PC Storage,206,7.0231,1446.75,USD
2026-04-01,11,3,NAT Gateway,3946,0.0431,170.01,USD
2026-04-01,11,3,Monitoring / Exoprise,206,2.2631,466.2,USD
2026-04-01,11,3,Mac Management,23,5.8243,133.96,USD
2026-04-01,11,4,Windows 365 License,192,72.945,14005.43,USD
2026-04-01,11,4,Cloud PC Compute,192,19.0714,3661.71,USD
2026-04-01,11,4,Cloud PC Storage,192,7.6173,1462.53,USD
2026-04-01,11,4,NAT Gateway,1209,0.0434,52.49,USD
2026-04-01,11,4,Monitoring / Exoprise,192,2.2064,423.62,USD
2026-04-01,11,4,Mac Management,18,5.7857,104.14,USD
2026-04-01,11,5,Windows 365 License,209,71.7662,14999.13,USD
2026-04-01,11,5,Cloud PC Compute,209,19.2589,4025.1,USD
2026-04-01,11,5,Cloud PC Storage,209,7.1354,1491.3,USD
2026-04-01,11,5,NAT Gateway,1178,0.0427,50.31,USD
2026-04-01,11,5,Monitoring / Exoprise,209,2.2466,469.54,USD
2026-04-01,11,5,Mac Management,20,5.7487,114.97,USD
2026-04-01,11,6,Windows 365 License,185,69.7374,12901.42,USD
2026-04-01,11,6,Cloud PC Compute,185,21.9305,4057.13,USD
2026-04-01,11,6,Cloud PC Storage,185,7.7849,1440.21,USD
2026-04-01,11,6,NAT Gateway,3549,0.0453,160.65,USD
2026-04-01,11,6,Monitoring / Exoprise,185,2.2027,407.5,USD
2026-04-01,11,6,Mac Management,21,6.2356,130.95,USD
2026-04-01,12,1,Windows 365 License,206,71.9984,14831.67,USD
2026-04-01,12,1,Cloud PC Compute,206,19.7002,4058.24,USD
2026-04-01,12,1,Cloud PC Storage,206,7.8842,1624.16,USD
2026-04-01,12,1,NAT Gateway,1002,0.0428,42.87,USD
2026-04-01,12,1,Monitoring / Exoprise,206,2.1944,452.05,USD
2026-04-01,12,1,Mac Management,16,5.782,92.51,USD
2026-04-01,12,2,Windows 365 License,197,76.0758,14986.94,USD
2026-04-01,12,2,Cloud PC Compute,197,18.7699,3697.68,USD
2026-04-01,12,2,Cloud PC Storage,197,7.6177,1500.68,USD
2026-04-01,12,2,NAT Gateway,3390,0.0427,144.81,USD
2026-04-01,12,2,Monitoring / Exoprise,197,2.3048,454.05,USD
2026-04-01,12,2,Mac Management,17,5.7656,98.01,USD
2026-04-01,12,3,Windows 365 License,163,73.4429,11971.19,USD
2026-04-01,12,3,Cloud PC Compute,163,20.8398,3396.89,USD
2026-04-01,12,3,Cloud PC Storage,163,8.1697,1331.66,USD
2026-04-01,12,3,NAT Gateway,3730,0.0482,179.89,USD
2026-04-01,12,3,Monitoring / Exoprise,163,2.2396,365.06,USD
2026-04-01,12,3,Mac Management,14,5.9973,83.96,USD
2026-04-01,12,4,Windows 365 License,193,73.8939,14261.53,USD
2026-04-01,12,4,Cloud PC Compute,193,18.3671,3544.85,USD
2026-04-01,12,4,Cloud PC Storage,193,8.0208,1548.02,USD
2026-04-01,12,4,NAT Gateway,887,0.0478,42.37,USD
2026-04-01,12,4,Monitoring / Exoprise,193,2.2534,434.91,USD
2026-04-01,12,4,Mac Management,26,5.8885,153.1,USD
2026-04-01,12,5,Windows 365 License,181,71.8651,13007.59,USD
2026-04-01,12,5,Cloud PC Compute,181,20.6911,3745.09,USD
2026-04-01,12,5,Cloud PC Storage,181,7.4339,1345.53,USD
2026-04-01,12,5,NAT Gateway,2286,0.0432,98.82,USD
2026-04-01,12,5,Monitoring / Exoprise,181,2.3208,420.07,USD
2026-04-01,12,5,Mac Management,14,5.8364,81.71,USD
2026-04-01,12,6,Windows 365 License,198,73.1984,14493.28,USD
2026-04-01,12,6,Cloud PC Compute,198,20.2019,3999.98,USD
2026-04-01,12,6,Cloud PC Storage,198,6.9915,1384.32,USD
2026-04-01,12,6,NAT Gateway,3151,0.0403,126.91,USD
2026-04-01,12,6,Monitoring / Exoprise,198,2.3446,464.23,USD
2026-04-01,12,6,Mac Management,21,5.7873,121.53,USD
2026-05-01,1,1,Windows 365 License,176,69.6455,12257.62,USD
2026-05-01,1,1,Cloud PC Compute,176,20.9528,3687.7,USD
2026-05-01,1,1,Cloud PC Storage,176,7.7176,1358.31,USD
2026-05-01,1,1,NAT Gateway,1350,0.0408,55.07,USD
2026-05-01,1,1,Monitoring / Exoprise,176,2.2315,392.74,USD
2026-05-01,1,1,Mac Management,17,5.9583,101.29,USD
2026-05-01,1,2,Windows 365 License,216,75.8727,16388.5,USD
2026-05-01,1,2,Cloud PC Compute,216,20.1609,4354.75,USD
2026-05-01,1,2,Cloud PC Storage,216,7.7138,1666.19,USD
2026-05-01,1,2,NAT Gateway,2814,0.0501,140.93,USD
2026-05-01,1,2,Monitoring / Exoprise,216,2.1643,467.48,USD
2026-05-01,1,2,Mac Management,25,6.182,154.55,USD
2026-05-01,1,3,Windows 365 License,190,69.9134,13283.55,USD
2026-05-01,1,3,Cloud PC Compute,190,21.3484,4056.2,USD
2026-05-01,1,3,Cloud PC Storage,190,8.1258,1543.91,USD
2026-05-01,1,3,NAT Gateway,1518,0.0481,73.01,USD
2026-05-01,1,3,Monitoring / Exoprise,190,2.3341,443.48,USD
2026-05-01,1,3,Mac Management,22,6.0687,133.51,USD
2026-05-01,1,4,Windows 365 License,218,70.4499,15358.07,USD
2026-05-01,1,4,Cloud PC Compute,218,18.5017,4033.38,USD
2026-05-01,1,4,Cloud PC Storage,218,7.3143,1594.52,USD
2026-05-01,1,4,NAT Gateway,6998,0.0492,344.27,USD
2026-05-01,1,4,Monitoring / Exoprise,218,2.3333,508.67,USD
2026-05-01,1,4,Mac Management,23,5.9687,137.28,USD
2026-05-01,1,5,Windows 365 License,198,71.7927,14214.96,USD
2026-05-01,1,5,Cloud PC Compute,198,21.3837,4233.96,USD
2026-05-01,1,5,Cloud PC Storage,198,7.4461,1474.33,USD
2026-05-01,1,5,NAT Gateway,2369,0.046,109.05,USD
2026-05-01,1,5,Monitoring / Exoprise,198,2.2065,436.89,USD
2026-05-01,1,5,Mac Management,19,5.9061,112.22,USD
2026-05-01,1,6,Windows 365 License,207,69.5284,14392.39,USD
2026-05-01,1,6,Cloud PC Compute,207,19.659,4069.41,USD
2026-05-01,1,6,Cloud PC Storage,207,7.2964,1510.35,USD
2026-05-01,1,6,NAT Gateway,4690,0.0445,208.9,USD
2026-05-01,1,6,Monitoring / Exoprise,207,2.2134,458.17,USD
2026-05-01,1,6,Mac Management,31,5.8825,182.36,USD
2026-05-01,2,1,Windows 365 License,180,68.3675,12306.15,USD
2026-05-01,2,1,Cloud PC Compute,180,19.7599,3556.79,USD
2026-05-01,2,1,Cloud PC Storage,180,7.9997,1439.95,USD
2026-05-01,2,1,NAT Gateway,3036,0.0491,149.02,USD
2026-05-01,2,1,Monitoring / Exoprise,180,2.1743,391.37,USD
2026-05-01,2,1,Mac Management,21,5.9689,125.35,USD
2026-05-01,2,2,Windows 365 License,195,70.0659,13662.85,USD
2026-05-01,2,2,Cloud PC Compute,195,20.6307,4022.99,USD
2026-05-01,2,2,Cloud PC Storage,195,6.8328,1332.4,USD
2026-05-01,2,2,NAT Gateway,4139,0.0485,200.77,USD
2026-05-01,2,2,Monitoring / Exoprise,195,2.2189,432.69,USD
2026-05-01,2,2,Mac Management,29,5.7272,166.09,USD
2026-05-01,2,3,Windows 365 License,198,69.649,13790.5,USD
2026-05-01,2,3,Cloud PC Compute,198,19.5352,3867.97,USD
2026-05-01,2,3,Cloud PC Storage,198,8.059,1595.68,USD
2026-05-01,2,3,NAT Gateway,4235,0.0487,206.25,USD
2026-05-01,2,3,Monitoring / Exoprise,198,2.2965,454.72,USD
2026-05-01,2,3,Mac Management,17,6.0572,102.97,USD
2026-05-01,2,4,Windows 365 License,190,73.5885,13981.82,USD
2026-05-01,2,4,Cloud PC Compute,190,20.9086,3972.63,USD
2026-05-01,2,4,Cloud PC Storage,190,6.8055,1293.05,USD
2026-05-01,2,4,NAT Gateway,4694,0.0503,235.88,USD
2026-05-01,2,4,Monitoring / Exoprise,190,2.3465,445.83,USD
2026-05-01,2,4,Mac Management,28,5.7175,160.09,USD
2026-05-01,2,5,Windows 365 License,200,74.7147,14942.94,USD
2026-05-01,2,5,Cloud PC Compute,200,19.0908,3818.16,USD
2026-05-01,2,5,Cloud PC Storage,200,7.4538,1490.76,USD
2026-05-01,2,5,NAT Gateway,6962,0.0425,296.0,USD
2026-05-01,2,5,Monitoring / Exoprise,200,2.2916,458.31,USD
2026-05-01,2,5,Mac Management,29,6.0906,176.63,USD
2026-05-01,2,6,Windows 365 License,176,72.9749,12843.59,USD
2026-05-01,2,6,Cloud PC Compute,176,18.2381,3209.91,USD
2026-05-01,2,6,Cloud PC Storage,176,7.4583,1312.66,USD
2026-05-01,2,6,NAT Gateway,6390,0.0408,260.59,USD
2026-05-01,2,6,Monitoring / Exoprise,176,2.3485,413.34,USD
2026-05-01,2,6,Mac Management,13,5.8995,76.69,USD
2026-05-01,3,1,Windows 365 License,198,67.9806,13460.16,USD
2026-05-01,3,1,Cloud PC Compute,198,20.9176,4141.69,USD
2026-05-01,3,1,Cloud PC Storage,198,7.7766,1539.77,USD
2026-05-01,3,1,NAT Gateway,2789,0.0478,133.43,USD
2026-05-01,3,1,Monitoring / Exoprise,198,2.3142,458.21,USD
2026-05-01,3,1,Mac Management,31,6.0641,187.99,USD
2026-05-01,3,2,Windows 365 License,207,72.5212,15011.89,USD
2026-05-01,3,2,Cloud PC Compute,207,18.381,3804.86,USD
2026-05-01,3,2,Cloud PC Storage,207,7.199,1490.2,USD
2026-05-01,3,2,NAT Gateway,4892,0.0473,231.36,USD
2026-05-01,3,2,Monitoring / Exoprise,207,2.2544,466.65,USD
2026-05-01,3,2,Mac Management,19,5.7625,109.49,USD
2026-05-01,3,3,Windows 365 License,200,74.3715,14874.3,USD
2026-05-01,3,3,Cloud PC Compute,200,20.4797,4095.95,USD
2026-05-01,3,3,Cloud PC Storage,200,6.9892,1397.84,USD
2026-05-01,3,3,NAT Gateway,5426,0.0423,229.3,USD
2026-05-01,3,3,Monitoring / Exoprise,200,2.198,439.59,USD
2026-05-01,3,3,Mac Management,20,6.0688,121.38,USD
2026-05-01,3,4,Windows 365 License,177,70.6208,12499.88,USD
2026-05-01,3,4,Cloud PC Compute,177,19.3392,3423.04,USD
2026-05-01,3,4,Cloud PC Storage,177,7.0571,1249.11,USD
2026-05-01,3,4,NAT Gateway,4119,0.0439,180.69,USD
2026-05-01,3,4,Monitoring / Exoprise,177,2.1843,386.61,USD
2026-05-01,3,4,Mac Management,25,6.2176,155.44,USD
2026-05-01,3,5,Windows 365 License,198,71.4226,14141.67,USD
2026-05-01,3,5,Cloud PC Compute,198,18.893,3740.82,USD
2026-05-01,3,5,Cloud PC Storage,198,7.0083,1387.64,USD
2026-05-01,3,5,NAT Gateway,3663,0.0459,168.29,USD
2026-05-01,3,5,Monitoring / Exoprise,198,2.2958,454.58,USD
2026-05-01,3,5,Mac Management,25,6.2048,155.12,USD
2026-05-01,3,6,Windows 365 License,196,72.6192,14233.37,USD
2026-05-01,3,6,Cloud PC Compute,196,18.0604,3539.84,USD
2026-05-01,3,6,Cloud PC Storage,196,8.196,1606.41,USD
2026-05-01,3,6,NAT Gateway,2581,0.043,110.93,USD
2026-05-01,3,6,Monitoring / Exoprise,196,2.2814,447.15,USD
2026-05-01,3,6,Mac Management,25,6.1829,154.57,USD
2026-05-01,4,1,Windows 365 License,174,71.8033,12493.77,USD
2026-05-01,4,1,Cloud PC Compute,174,20.5874,3582.21,USD
2026-05-01,4,1,Cloud PC Storage,174,7.6382,1329.04,USD
2026-05-01,4,1,NAT Gateway,2011,0.0429,86.24,USD
2026-05-01,4,1,Monitoring / Exoprise,174,2.3561,409.97,USD
2026-05-01,4,1,Mac Management,18,6.1195,110.15,USD
2026-05-01,4,2,Windows 365 License,184,73.4226,13509.76,USD
2026-05-01,4,2,Cloud PC Compute,184,21.9459,4038.04,USD
2026-05-01,4,2,Cloud PC Storage,184,7.1828,1321.63,USD
2026-05-01,4,2,NAT Gateway,1917,0.0475,91.1,USD
2026-05-01,4,2,Monitoring / Exoprise,184,2.2252,409.44,USD
2026-05-01,4,2,Mac Management,25,5.7455,143.64,USD
2026-05-01,4,3,Windows 365 License,188,75.6058,14213.89,USD
2026-05-01,4,3,Cloud PC Compute,188,21.728,4084.87,USD
2026-05-01,4,3,Cloud PC Storage,188,7.8505,1475.9,USD
2026-05-01,4,3,NAT Gateway,5849,0.0397,232.1,USD
2026-05-01,4,3,Monitoring / Exoprise,188,2.2573,424.37,USD
2026-05-01,4,3,Mac Management,25,6.0818,152.04,USD
2026-05-01,4,4,Windows 365 License,203,73.6347,14947.84,USD
2026-05-01,4,4,Cloud PC Compute,203,21.2853,4320.92,USD
2026-05-01,4,4,Cloud PC Storage,203,7.1767,1456.88,USD
2026-05-01,4,4,NAT Gateway,4475,0.0485,216.84,USD
2026-05-01,4,4,Monitoring / Exoprise,203,2.2794,462.71,USD
2026-05-01,4,4,Mac Management,19,5.8173,110.53,USD
2026-05-01,4,5,Windows 365 License,194,71.3966,13850.94,USD
2026-05-01,4,5,Cloud PC Compute,194,20.672,4010.37,USD
2026-05-01,4,5,Cloud PC Storage,194,6.8655,1331.91,USD
2026-05-01,4,5,NAT Gateway,5202,0.0456,237.41,USD
2026-05-01,4,5,Monitoring / Exoprise,194,2.3072,447.59,USD
2026-05-01,4,5,Mac Management,11,5.9705,65.68,USD
2026-05-01,4,6,Windows 365 License,185,76.0737,14073.63,USD
2026-05-01,4,6,Cloud PC Compute,185,20.7491,3838.58,USD
2026-05-01,4,6,Cloud PC Storage,185,7.064,1306.85,USD
2026-05-01,4,6,NAT Gateway,5055,0.0424,214.21,USD
2026-05-01,4,6,Monitoring / Exoprise,185,2.273,420.51,USD
2026-05-01,4,6,Mac Management,25,6.2707,156.77,USD
2026-05-01,5,1,Windows 365 License,167,72.9786,12187.43,USD
2026-05-01,5,1,Cloud PC Compute,167,19.2561,3215.76,USD
2026-05-01,5,1,Cloud PC Storage,167,7.3465,1226.86,USD
2026-05-01,5,1,NAT Gateway,4592,0.0499,229.22,USD
2026-05-01,5,1,Monitoring / Exoprise,167,2.2414,374.32,USD
2026-05-01,5,1,Mac Management,21,5.7312,120.36,USD
2026-05-01,5,2,Windows 365 License,200,72.9812,14596.23,USD
2026-05-01,5,2,Cloud PC Compute,200,18.2365,3647.3,USD
2026-05-01,5,2,Cloud PC Storage,200,8.249,1649.79,USD
2026-05-01,5,2,NAT Gateway,2638,0.0441,116.22,USD
2026-05-01,5,2,Monitoring / Exoprise,200,2.2488,449.76,USD
2026-05-01,5,2,Mac Management,21,6.2028,130.26,USD
2026-05-01,5,3,Windows 365 License,214,71.7717,15359.15,USD
2026-05-01,5,3,Cloud PC Compute,214,20.3525,4355.43,USD
2026-05-01,5,3,Cloud PC Storage,214,7.8757,1685.4,USD
2026-05-01,5,3,NAT Gateway,1513,0.0407,61.52,USD
2026-05-01,5,3,Monitoring / Exoprise,214,2.2948,491.09,USD
2026-05-01,5,3,Mac Management,30,6.2032,186.09,USD
2026-05-01,5,4,Windows 365 License,188,75.7624,14243.33,USD
2026-05-01,5,4,Cloud PC Compute,188,20.6882,3889.39,USD
2026-05-01,5,4,Cloud PC Storage,188,7.7876,1464.06,USD
2026-05-01,5,4,NAT Gateway,4563,0.0397,181.32,USD
2026-05-01,5,4,Monitoring / Exoprise,188,2.2629,425.42,USD
2026-05-01,5,4,Mac Management,23,6.2,142.6,USD
2026-05-01,5,5,Windows 365 License,198,73.536,14560.13,USD
2026-05-01,5,5,Cloud PC Compute,198,18.3767,3638.59,USD
2026-05-01,5,5,Cloud PC Storage,198,7.6244,1509.63,USD
2026-05-01,5,5,NAT Gateway,5182,0.0405,209.76,USD
2026-05-01,5,5,Monitoring / Exoprise,198,2.1427,424.25,USD
2026-05-01,5,5,Mac Management,14,6.1337,85.87,USD
2026-05-01,5,6,Windows 365 License,186,72.3644,13459.78,USD
2026-05-01,5,6,Cloud PC Compute,186,20.7124,3852.5,USD
2026-05-01,5,6,Cloud PC Storage,186,8.1134,1509.08,USD
2026-05-01,5,6,NAT Gateway,6204,0.0426,263.99,USD
2026-05-01,5,6,Monitoring / Exoprise,186,2.3059,428.9,USD
2026-05-01,5,6,Mac Management,20,5.8245,116.49,USD
2026-05-01,6,1,Windows 365 License,197,70.6853,13925.01,USD
2026-05-01,6,1,Cloud PC Compute,197,21.3059,4197.26,USD
2026-05-01,6,1,Cloud PC Storage,197,6.9249,1364.2,USD
2026-05-01,6,1,NAT Gateway,822,0.0432,35.48,USD
2026-05-01,6,1,Monitoring / Exoprise,197,2.2947,452.05,USD
2026-05-01,6,1,Mac Management,20,5.9337,118.67,USD
2026-05-01,6,2,Windows 365 License,196,69.0121,13526.37,USD
2026-05-01,6,2,Cloud PC Compute,196,21.1733,4149.96,USD
2026-05-01,6,2,Cloud PC Storage,196,7.9944,1566.91,USD
2026-05-01,6,2,NAT Gateway,3533,0.0452,159.77,USD
2026-05-01,6,2,Monitoring / Exoprise,196,2.1478,420.98,USD
2026-05-01,6,2,Mac Management,16,6.2835,100.54,USD
2026-05-01,6,3,Windows 365 License,193,70.8141,13667.13,USD
2026-05-01,6,3,Cloud PC Compute,193,19.8314,3827.47,USD
2026-05-01,6,3,Cloud PC Storage,193,7.1154,1373.27,USD
2026-05-01,6,3,NAT Gateway,1229,0.0445,54.67,USD
2026-05-01,6,3,Monitoring / Exoprise,193,2.275,439.08,USD
2026-05-01,6,3,Mac Management,13,5.8207,75.67,USD
2026-05-01,6,4,Windows 365 License,176,68.1803,11999.73,USD
2026-05-01,6,4,Cloud PC Compute,176,20.6541,3635.12,USD
2026-05-01,6,4,Cloud PC Storage,176,8.1145,1428.15,USD
2026-05-01,6,4,NAT Gateway,4988,0.0402,200.65,USD
2026-05-01,6,4,Monitoring / Exoprise,176,2.3207,408.44,USD
2026-05-01,6,4,Mac Management,16,5.7311,91.7,USD
2026-05-01,6,5,Windows 365 License,202,72.9391,14733.7,USD
2026-05-01,6,5,Cloud PC Compute,202,19.1755,3873.46,USD
2026-05-01,6,5,Cloud PC Storage,202,6.7971,1373.02,USD
2026-05-01,6,5,NAT Gateway,3226,0.0438,141.32,USD
2026-05-01,6,5,Monitoring / Exoprise,202,2.3435,473.38,USD
2026-05-01,6,5,Mac Management,15,5.9227,88.84,USD
2026-05-01,6,6,Windows 365 License,185,74.9012,13856.72,USD
2026-05-01,6,6,Cloud PC Compute,185,19.3608,3581.75,USD
2026-05-01,6,6,Cloud PC Storage,185,6.7604,1250.67,USD
2026-05-01,6,6,NAT Gateway,5858,0.049,287.11,USD
2026-05-01,6,6,Monitoring / Exoprise,185,2.2393,414.27,USD
2026-05-01,6,6,Mac Management,21,5.7279,120.29,USD
2026-05-01,7,1,Windows 365 License,193,74.6088,14399.49,USD
2026-05-01,7,1,Cloud PC Compute,193,18.401,3551.4,USD
2026-05-01,7,1,Cloud PC Storage,193,6.8041,1313.19,USD
2026-05-01,7,1,NAT Gateway,1289,0.0408,52.55,USD
2026-05-01,7,1,Monitoring / Exoprise,193,2.2324,430.85,USD
2026-05-01,7,1,Mac Management,19,5.9376,112.81,USD
2026-05-01,7,2,Windows 365 License,193,68.8228,13282.8,USD
2026-05-01,7,2,Cloud PC Compute,193,19.1949,3704.62,USD
2026-05-01,7,2,Cloud PC Storage,193,6.845,1321.08,USD
2026-05-01,7,2,NAT Gateway,6121,0.0503,307.83,USD
2026-05-01,7,2,Monitoring / Exoprise,193,2.2885,441.68,USD
2026-05-01,7,2,Mac Management,22,6.0721,133.59,USD
2026-05-01,7,3,Windows 365 License,186,73.2954,13632.94,USD
2026-05-01,7,3,Cloud PC Compute,186,18.2466,3393.87,USD
2026-05-01,7,3,Cloud PC Storage,186,8.0823,1503.3,USD
2026-05-01,7,3,NAT Gateway,2233,0.0494,110.34,USD
2026-05-01,7,3,Monitoring / Exoprise,186,2.3072,429.14,USD
2026-05-01,7,3,Mac Management,20,5.836,116.72,USD
2026-05-01,7,4,Windows 365 License,196,71.9929,14110.61,USD
2026-05-01,7,4,Cloud PC Compute,196,20.0151,3922.97,USD
2026-05-01,7,4,Cloud PC Storage,196,7.489,1467.84,USD
2026-05-01,7,4,NAT Gateway,1463,0.0443,64.8,USD
2026-05-01,7,4,Monitoring / Exoprise,196,2.1509,421.58,USD
2026-05-01,7,4,Mac Management,19,5.8317,110.8,USD
2026-05-01,7,5,Windows 365 License,165,71.9306,11868.54,USD
2026-05-01,7,5,Cloud PC Compute,165,19.6674,3245.12,USD
2026-05-01,7,5,Cloud PC Storage,165,7.273,1200.04,USD
2026-05-01,7,5,NAT Gateway,2928,0.0498,145.79,USD
2026-05-01,7,5,Monitoring / Exoprise,165,2.2749,375.35,USD
2026-05-01,7,5,Mac Management,16,5.8217,93.15,USD
2026-05-01,7,6,Windows 365 License,195,67.9141,13243.24,USD
2026-05-01,7,6,Cloud PC Compute,195,20.4039,3978.77,USD
2026-05-01,7,6,Cloud PC Storage,195,7.9416,1548.61,USD
2026-05-01,7,6,NAT Gateway,5041,0.0452,227.61,USD
2026-05-01,7,6,Monitoring / Exoprise,195,2.2661,441.89,USD
2026-05-01,7,6,Mac Management,23,5.8974,135.64,USD
2026-05-01,8,1,Windows 365 License,198,70.6184,13982.45,USD
2026-05-01,8,1,Cloud PC Compute,198,18.4158,3646.33,USD
2026-05-01,8,1,Cloud PC Storage,198,7.9487,1573.83,USD
2026-05-01,8,1,NAT Gateway,6601,0.0413,272.85,USD
2026-05-01,8,1,Monitoring / Exoprise,198,2.3076,456.91,USD
2026-05-01,8,1,Mac Management,18,5.7239,103.03,USD
2026-05-01,8,2,Windows 365 License,216,73.5309,15882.68,USD
2026-05-01,8,2,Cloud PC Compute,216,19.5537,4223.59,USD
2026-05-01,8,2,Cloud PC Storage,216,7.1201,1537.94,USD
2026-05-01,8,2,NAT Gateway,4667,0.0453,211.36,USD
2026-05-01,8,2,Monitoring / Exoprise,216,2.1753,469.87,USD
2026-05-01,8,2,Mac Management,23,5.9648,137.19,USD
2026-05-01,8,3,Windows 365 License,187,72.9257,13637.11,USD
2026-05-01,8,3,Cloud PC Compute,187,21.7403,4065.44,USD
2026-05-01,8,3,Cloud PC Storage,187,7.9301,1482.93,USD
2026-05-01,8,3,NAT Gateway,2503,0.0478,119.63,USD
2026-05-01,8,3,Monitoring / Exoprise,187,2.1381,399.83,USD
2026-05-01,8,3,Mac Management,24,5.8837,141.21,USD
2026-05-01,8,4,Windows 365 License,212,67.7338,14359.57,USD
2026-05-01,8,4,Cloud PC Compute,212,21.6533,4590.5,USD
2026-05-01,8,4,Cloud PC Storage,212,8.0292,1702.18,USD
2026-05-01,8,4,NAT Gateway,4189,0.047,196.78,USD
2026-05-01,8,4,Monitoring / Exoprise,212,2.1892,464.1,USD
2026-05-01,8,4,Mac Management,20,6.0379,120.76,USD
2026-05-01,8,5,Windows 365 License,189,75.2564,14223.47,USD
2026-05-01,8,5,Cloud PC Compute,189,21.8584,4131.25,USD
2026-05-01,8,5,Cloud PC Storage,189,8.2048,1550.71,USD
2026-05-01,8,5,NAT Gateway,1916,0.0405,77.54,USD
2026-05-01,8,5,Monitoring / Exoprise,189,2.1393,404.33,USD
2026-05-01,8,5,Mac Management,26,6.1892,160.92,USD
2026-05-01,8,6,Windows 365 License,175,74.9219,13111.33,USD
2026-05-01,8,6,Cloud PC Compute,175,19.9255,3486.96,USD
2026-05-01,8,6,Cloud PC Storage,175,6.834,1195.96,USD
2026-05-01,8,6,NAT Gateway,1502,0.0501,75.28,USD
2026-05-01,8,6,Monitoring / Exoprise,175,2.3564,412.37,USD
2026-05-01,8,6,Mac Management,16,5.9118,94.59,USD
2026-05-01,9,1,Windows 365 License,194,69.5448,13491.7,USD
2026-05-01,9,1,Cloud PC Compute,194,19.7492,3831.34,USD
2026-05-01,9,1,Cloud PC Storage,194,7.9734,1546.84,USD
2026-05-01,9,1,NAT Gateway,5094,0.0479,244.17,USD
2026-05-01,9,1,Monitoring / Exoprise,194,2.1815,423.21,USD
2026-05-01,9,1,Mac Management,23,6.2729,144.28,USD
2026-05-01,9,2,Windows 365 License,200,73.128,14625.59,USD
2026-05-01,9,2,Cloud PC Compute,200,19.8238,3964.76,USD
2026-05-01,9,2,Cloud PC Storage,200,6.9555,1391.1,USD
2026-05-01,9,2,NAT Gateway,1823,0.0495,90.19,USD
2026-05-01,9,2,Monitoring / Exoprise,200,2.3478,469.56,USD
2026-05-01,9,2,Mac Management,20,6.0028,120.06,USD
2026-05-01,9,3,Windows 365 License,206,68.7396,14160.36,USD
2026-05-01,9,3,Cloud PC Compute,206,18.8964,3892.65,USD
2026-05-01,9,3,Cloud PC Storage,206,8.0464,1657.55,USD
2026-05-01,9,3,NAT Gateway,5443,0.0475,258.51,USD
2026-05-01,9,3,Monitoring / Exoprise,206,2.2083,454.92,USD
2026-05-01,9,3,Mac Management,19,5.851,111.17,USD
2026-05-01,9,4,Windows 365 License,194,71.5121,13873.34,USD
2026-05-01,9,4,Cloud PC Compute,194,18.216,3533.9,USD
2026-05-01,9,4,Cloud PC Storage,194,7.6789,1489.7,USD
2026-05-01,9,4,NAT Gateway,1045,0.0469,49.05,USD
2026-05-01,9,4,Monitoring / Exoprise,194,2.2414,434.83,USD
2026-05-01,9,4,Mac Management,20,6.1655,123.31,USD
2026-05-01,9,5,Windows 365 License,201,72.2847,14529.23,USD
2026-05-01,9,5,Cloud PC Compute,201,18.3037,3679.05,USD
2026-05-01,9,5,Cloud PC Storage,201,8.2469,1657.63,USD
2026-05-01,9,5,NAT Gateway,4328,0.0452,195.79,USD
2026-05-01,9,5,Monitoring / Exoprise,201,2.2574,453.73,USD
2026-05-01,9,5,Mac Management,18,6.2221,112.0,USD
2026-05-01,9,6,Windows 365 License,208,74.3274,15460.1,USD
2026-05-01,9,6,Cloud PC Compute,208,20.292,4220.73,USD
2026-05-01,9,6,Cloud PC Storage,208,7.715,1604.72,USD
2026-05-01,9,6,NAT Gateway,4865,0.0415,201.81,USD
2026-05-01,9,6,Monitoring / Exoprise,208,2.2052,458.69,USD
2026-05-01,9,6,Mac Management,18,6.1796,111.23,USD
2026-05-01,10,1,Windows 365 License,195,76.0046,14820.89,USD
2026-05-01,10,1,Cloud PC Compute,195,20.2642,3951.52,USD
2026-05-01,10,1,Cloud PC Storage,195,6.7978,1325.56,USD
2026-05-01,10,1,NAT Gateway,5767,0.0415,239.49,USD
2026-05-01,10,1,Monitoring / Exoprise,195,2.3323,454.79,USD
2026-05-01,10,1,Mac Management,28,6.008,168.22,USD
2026-05-01,10,2,Windows 365 License,186,75.5892,14059.58,USD
2026-05-01,10,2,Cloud PC Compute,186,20.6214,3835.58,USD
2026-05-01,10,2,Cloud PC Storage,186,7.3458,1366.32,USD
2026-05-01,10,2,NAT Gateway,2459,0.0402,98.79,USD
2026-05-01,10,2,Monitoring / Exoprise,186,2.3436,435.92,USD
2026-05-01,10,2,Mac Management,20,6.2128,124.26,USD
2026-05-01,10,3,Windows 365 License,208,69.7273,14503.28,USD
2026-05-01,10,3,Cloud PC Compute,208,20.8768,4342.36,USD
2026-05-01,10,3,Cloud PC Storage,208,6.9846,1452.8,USD
2026-05-01,10,3,NAT Gateway,1745,0.0493,85.96,USD
2026-05-01,10,3,Monitoring / Exoprise,208,2.2628,470.66,USD
2026-05-01,10,3,Mac Management,17,5.8679,99.75,USD
2026-05-01,10,4,Windows 365 License,203,70.8143,14375.29,USD
2026-05-01,10,4,Cloud PC Compute,203,18.9738,3851.67,USD
2026-05-01,10,4,Cloud PC Storage,203,8.0293,1629.96,USD
2026-05-01,10,4,NAT Gateway,6861,0.0489,335.23,USD
2026-05-01,10,4,Monitoring / Exoprise,203,2.1786,442.26,USD
2026-05-01,10,4,Mac Management,28,6.2766,175.74,USD
2026-05-01,10,5,Windows 365 License,213,74.4565,15859.24,USD
2026-05-01,10,5,Cloud PC Compute,213,18.5536,3951.92,USD
2026-05-01,10,5,Cloud PC Storage,213,7.5369,1605.35,USD
2026-05-01,10,5,NAT Gateway,3815,0.0405,154.49,USD
2026-05-01,10,5,Monitoring / Exoprise,213,2.2453,478.26,USD
2026-05-01,10,5,Mac Management,20,5.831,116.62,USD
2026-05-01,10,6,Windows 365 License,219,74.3797,16289.14,USD
2026-05-01,10,6,Cloud PC Compute,219,20.2692,4438.95,USD
2026-05-01,10,6,Cloud PC Storage,219,8.1645,1788.02,USD
2026-05-01,10,6,NAT Gateway,4728,0.0499,236.12,USD
2026-05-01,10,6,Monitoring / Exoprise,219,2.2024,482.33,USD
2026-05-01,10,6,Mac Management,18,6.1156,110.08,USD
2026-05-01,11,1,Windows 365 License,187,72.9366,13639.14,USD
2026-05-01,11,1,Cloud PC Compute,187,18.5738,3473.31,USD
2026-05-01,11,1,Cloud PC Storage,187,7.2102,1348.31,USD
2026-05-01,11,1,NAT Gateway,1390,0.0423,58.74,USD
2026-05-01,11,1,Monitoring / Exoprise,187,2.2365,418.22,USD
2026-05-01,11,1,Mac Management,18,6.2919,113.25,USD
2026-05-01,11,2,Windows 365 License,201,72.2823,14528.74,USD
2026-05-01,11,2,Cloud PC Compute,201,19.6762,3954.92,USD
2026-05-01,11,2,Cloud PC Storage,201,7.785,1564.79,USD
2026-05-01,11,2,NAT Gateway,2529,0.0423,107.05,USD
2026-05-01,11,2,Monitoring / Exoprise,201,2.3533,473.01,USD
2026-05-01,11,2,Mac Management,25,6.0529,151.32,USD
2026-05-01,11,3,Windows 365 License,206,70.4541,14513.54,USD
2026-05-01,11,3,Cloud PC Compute,206,20.9441,4314.48,USD
2026-05-01,11,3,Cloud PC Storage,206,7.5984,1565.28,USD
2026-05-01,11,3,NAT Gateway,4749,0.0415,197.27,USD
2026-05-01,11,3,Monitoring / Exoprise,206,2.2264,458.64,USD
2026-05-01,11,3,Mac Management,23,5.8337,134.18,USD
2026-05-01,11,4,Windows 365 License,192,73.3949,14091.82,USD
2026-05-01,11,4,Cloud PC Compute,192,19.9695,3834.15,USD
2026-05-01,11,4,Cloud PC Storage,192,7.6514,1469.06,USD
2026-05-01,11,4,NAT Gateway,5113,0.044,224.91,USD
2026-05-01,11,4,Monitoring / Exoprise,192,2.2901,439.7,USD
2026-05-01,11,4,Mac Management,18,6.2961,113.33,USD
2026-05-01,11,5,Windows 365 License,209,70.2473,14681.69,USD
2026-05-01,11,5,Cloud PC Compute,209,19.4992,4075.32,USD
2026-05-01,11,5,Cloud PC Storage,209,7.2306,1511.2,USD
2026-05-01,11,5,NAT Gateway,4893,0.0407,199.14,USD
2026-05-01,11,5,Monitoring / Exoprise,209,2.2265,465.34,USD
2026-05-01,11,5,Mac Management,20,5.7496,114.99,USD
2026-05-01,11,6,Windows 365 License,185,70.7895,13096.06,USD
2026-05-01,11,6,Cloud PC Compute,185,20.6814,3826.06,USD
2026-05-01,11,6,Cloud PC Storage,185,7.9566,1471.97,USD
2026-05-01,11,6,NAT Gateway,4884,0.0453,221.44,USD
2026-05-01,11,6,Monitoring / Exoprise,185,2.2439,415.11,USD
2026-05-01,11,6,Mac Management,21,5.7945,121.69,USD
2026-05-01,12,1,Windows 365 License,206,69.2433,14264.12,USD
2026-05-01,12,1,Cloud PC Compute,206,20.0198,4124.08,USD
2026-05-01,12,1,Cloud PC Storage,206,7.5208,1549.28,USD
2026-05-01,12,1,NAT Gateway,863,0.0444,38.31,USD
2026-05-01,12,1,Monitoring / Exoprise,206,2.3244,478.82,USD
2026-05-01,12,1,Mac Management,16,6.2757,100.41,USD
2026-05-01,12,2,Windows 365 License,197,69.9086,13772.0,USD
2026-05-01,12,2,Cloud PC Compute,197,19.6914,3879.21,USD
2026-05-01,12,2,Cloud PC Storage,197,7.8865,1553.64,USD
2026-05-01,12,2,NAT Gateway,4106,0.0435,178.74,USD
2026-05-01,12,2,Monitoring / Exoprise,197,2.3511,463.17,USD
2026-05-01,12,2,Mac Management,17,5.9098,100.47,USD
2026-05-01,12,3,Windows 365 License,163,67.9468,11075.33,USD
2026-05-01,12,3,Cloud PC Compute,163,21.2942,3470.96,USD
2026-05-01,12,3,Cloud PC Storage,163,7.4493,1214.24,USD
2026-05-01,12,3,NAT Gateway,4938,0.0424,209.28,USD
2026-05-01,12,3,Monitoring / Exoprise,163,2.1584,351.82,USD
2026-05-01,12,3,Mac Management,14,6.0794,85.11,USD
2026-05-01,12,4,Windows 365 License,193,68.8261,13283.43,USD
2026-05-01,12,4,Cloud PC Compute,193,21.2752,4106.12,USD
2026-05-01,12,4,Cloud PC Storage,193,7.12,1374.16,USD
2026-05-01,12,4,NAT Gateway,4868,0.0474,230.71,USD
2026-05-01,12,4,Monitoring / Exoprise,193,2.3262,448.95,USD
2026-05-01,12,4,Mac Management,26,6.1858,160.83,USD
2026-05-01,12,5,Windows 365 License,181,73.8732,13371.05,USD
2026-05-01,12,5,Cloud PC Compute,181,19.5103,3531.37,USD
2026-05-01,12,5,Cloud PC Storage,181,6.9208,1252.66,USD
2026-05-01,12,5,NAT Gateway,3499,0.0454,158.79,USD
2026-05-01,12,5,Monitoring / Exoprise,181,2.3293,421.6,USD
2026-05-01,12,5,Mac Management,14,5.7907,81.07,USD
2026-05-01,12,6,Windows 365 License,198,72.6797,14390.59,USD
2026-05-01,12,6,Cloud PC Compute,198,21.328,4222.94,USD
2026-05-01,12,6,Cloud PC Storage,198,7.699,1524.4,USD
2026-05-01,12,6,NAT Gateway,1217,0.045,54.74,USD
2026-05-01,12,6,Monitoring / Exoprise,198,2.1974,435.08,USD
2026-05-01,12,6,Mac Management,21,5.7828,121.44,USD
2026-06-01,1,1,Windows 365 License,176,73.0068,12849.19,USD
2026-06-01,1,1,Cloud PC Compute,176,19.3569,3406.82,USD
2026-06-01,1,1,Cloud PC Storage,176,7.773,1368.05,USD
2026-06-01,1,1,NAT Gateway,5963,0.0451,269.06,USD
2026-06-01,1,1,Monitoring / Exoprise,176,2.1468,377.84,USD
2026-06-01,1,1,Mac Management,17,5.9726,101.53,USD
2026-06-01,1,2,Windows 365 License,216,71.3967,15421.68,USD
2026-06-01,1,2,Cloud PC Compute,216,21.4462,4632.39,USD
2026-06-01,1,2,Cloud PC Storage,216,6.8876,1487.73,USD
2026-06-01,1,2,NAT Gateway,4694,0.0498,233.66,USD
2026-06-01,1,2,Monitoring / Exoprise,216,2.1827,471.46,USD
2026-06-01,1,2,Mac Management,25,5.9164,147.91,USD
2026-06-01,1,3,Windows 365 License,190,72.2651,13730.37,USD
2026-06-01,1,3,Cloud PC Compute,190,21.4754,4080.32,USD
2026-06-01,1,3,Cloud PC Storage,190,6.7991,1291.83,USD
2026-06-01,1,3,NAT Gateway,2295,0.0399,91.52,USD
2026-06-01,1,3,Monitoring / Exoprise,190,2.33,442.71,USD
2026-06-01,1,3,Mac Management,22,6.28,138.16,USD
2026-06-01,1,4,Windows 365 License,218,75.2644,16407.64,USD
2026-06-01,1,4,Cloud PC Compute,218,18.3392,3997.94,USD
2026-06-01,1,4,Cloud PC Storage,218,7.6571,1669.24,USD
2026-06-01,1,4,NAT Gateway,6765,0.0404,273.24,USD
2026-06-01,1,4,Monitoring / Exoprise,218,2.3404,510.2,USD
2026-06-01,1,4,Mac Management,23,6.2776,144.38,USD
2026-06-01,1,5,Windows 365 License,198,69.889,13838.01,USD
2026-06-01,1,5,Cloud PC Compute,198,21.2087,4199.32,USD
2026-06-01,1,5,Cloud PC Storage,198,7.978,1579.65,USD
2026-06-01,1,5,NAT Gateway,4892,0.0443,216.8,USD
2026-06-01,1,5,Monitoring / Exoprise,198,2.191,433.83,USD
2026-06-01,1,5,Mac Management,19,6.0678,115.29,USD
2026-06-01,1,6,Windows 365 License,207,72.0662,14917.71,USD
2026-06-01,1,6,Cloud PC Compute,207,18.7032,3871.55,USD
2026-06-01,1,6,Cloud PC Storage,207,7.5829,1569.66,USD
2026-06-01,1,6,NAT Gateway,4901,0.0469,230.03,USD
2026-06-01,1,6,Monitoring / Exoprise,207,2.142,443.39,USD
2026-06-01,1,6,Mac Management,31,6.2421,193.5,USD
2026-06-01,2,1,Windows 365 License,180,73.5923,13246.62,USD
2026-06-01,2,1,Cloud PC Compute,180,20.5185,3693.33,USD
2026-06-01,2,1,Cloud PC Storage,180,7.25,1305.01,USD
2026-06-01,2,1,NAT Gateway,4896,0.0436,213.67,USD
2026-06-01,2,1,Monitoring / Exoprise,180,2.2012,396.21,USD
2026-06-01,2,1,Mac Management,21,5.7061,119.83,USD
2026-06-01,2,2,Windows 365 License,195,70.1372,13676.75,USD
2026-06-01,2,2,Cloud PC Compute,195,18.3569,3579.59,USD
2026-06-01,2,2,Cloud PC Storage,195,7.4446,1451.69,USD
2026-06-01,2,2,NAT Gateway,2916,0.0412,120.15,USD
2026-06-01,2,2,Monitoring / Exoprise,195,2.2838,445.34,USD
2026-06-01,2,2,Mac Management,29,5.8481,169.59,USD
2026-06-01,2,3,Windows 365 License,198,68.4173,13546.62,USD
2026-06-01,2,3,Cloud PC Compute,198,21.2053,4198.64,USD
2026-06-01,2,3,Cloud PC Storage,198,7.2394,1433.41,USD
2026-06-01,2,3,NAT Gateway,6990,0.0453,316.85,USD
2026-06-01,2,3,Monitoring / Exoprise,198,2.2557,446.62,USD
2026-06-01,2,3,Mac Management,17,5.7752,98.18,USD
2026-06-01,2,4,Windows 365 License,190,67.6995,12862.9,USD
2026-06-01,2,4,Cloud PC Compute,190,18.9137,3593.6,USD
2026-06-01,2,4,Cloud PC Storage,190,7.7384,1470.3,USD
2026-06-01,2,4,NAT Gateway,3511,0.0455,159.61,USD
2026-06-01,2,4,Monitoring / Exoprise,190,2.2122,420.32,USD
2026-06-01,2,4,Mac Management,28,5.9274,165.97,USD
2026-06-01,2,5,Windows 365 License,200,71.8346,14366.93,USD
2026-06-01,2,5,Cloud PC Compute,200,21.1159,4223.17,USD
2026-06-01,2,5,Cloud PC Storage,200,8.2152,1643.04,USD
2026-06-01,2,5,NAT Gateway,1676,0.045,75.42,USD
2026-06-01,2,5,Monitoring / Exoprise,200,2.29,458.0,USD
2026-06-01,2,5,Mac Management,29,5.8221,168.84,USD
2026-06-01,2,6,Windows 365 License,176,71.1447,12521.46,USD
2026-06-01,2,6,Cloud PC Compute,176,18.0989,3185.41,USD
2026-06-01,2,6,Cloud PC Storage,176,6.8584,1207.08,USD
2026-06-01,2,6,NAT Gateway,5723,0.0464,265.27,USD
2026-06-01,2,6,Monitoring / Exoprise,176,2.302,405.15,USD
2026-06-01,2,6,Mac Management,13,6.1172,79.52,USD
2026-06-01,3,1,Windows 365 License,198,69.9769,13855.42,USD
2026-06-01,3,1,Cloud PC Compute,198,19.0526,3772.41,USD
2026-06-01,3,1,Cloud PC Storage,198,7.2896,1443.34,USD
2026-06-01,3,1,NAT Gateway,6794,0.0463,314.82,USD
2026-06-01,3,1,Monitoring / Exoprise,198,2.1473,425.17,USD
2026-06-01,3,1,Mac Management,31,5.7195,177.3,USD
2026-06-01,3,2,Windows 365 License,207,69.1734,14318.89,USD
2026-06-01,3,2,Cloud PC Compute,207,20.4058,4224.01,USD
2026-06-01,3,2,Cloud PC Storage,207,8.2168,1700.88,USD
2026-06-01,3,2,NAT Gateway,6084,0.0403,245.19,USD
2026-06-01,3,2,Monitoring / Exoprise,207,2.2802,471.99,USD
2026-06-01,3,2,Mac Management,19,6.2842,119.4,USD
2026-06-01,3,3,Windows 365 License,200,72.8347,14566.95,USD
2026-06-01,3,3,Cloud PC Compute,200,21.4323,4286.47,USD
2026-06-01,3,3,Cloud PC Storage,200,8.1326,1626.52,USD
2026-06-01,3,3,NAT Gateway,4493,0.0461,206.99,USD
2026-06-01,3,3,Monitoring / Exoprise,200,2.1394,427.89,USD
2026-06-01,3,3,Mac Management,20,6.0609,121.22,USD
2026-06-01,3,4,Windows 365 License,177,75.2321,13316.08,USD
2026-06-01,3,4,Cloud PC Compute,177,18.2401,3228.5,USD
2026-06-01,3,4,Cloud PC Storage,177,7.6102,1347.0,USD
2026-06-01,3,4,NAT Gateway,5805,0.0474,275.16,USD
2026-06-01,3,4,Monitoring / Exoprise,177,2.2748,402.63,USD
2026-06-01,3,4,Mac Management,25,5.8656,146.64,USD
2026-06-01,3,5,Windows 365 License,198,68.4085,13544.88,USD
2026-06-01,3,5,Cloud PC Compute,198,18.5427,3671.45,USD
2026-06-01,3,5,Cloud PC Storage,198,7.2804,1441.51,USD
2026-06-01,3,5,NAT Gateway,5964,0.0485,289.05,USD
2026-06-01,3,5,Monitoring / Exoprise,198,2.1976,435.13,USD
2026-06-01,3,5,Mac Management,25,6.0403,151.01,USD
2026-06-01,3,6,Windows 365 License,196,73.3867,14383.79,USD
2026-06-01,3,6,Cloud PC Compute,196,18.8531,3695.2,USD
2026-06-01,3,6,Cloud PC Storage,196,7.5922,1488.06,USD
2026-06-01,3,6,NAT Gateway,4846,0.0432,209.43,USD
2026-06-01,3,6,Monitoring / Exoprise,196,2.315,453.73,USD
2026-06-01,3,6,Mac Management,25,5.7518,143.79,USD
2026-06-01,4,1,Windows 365 License,174,68.6422,11943.74,USD
2026-06-01,4,1,Cloud PC Compute,174,19.3822,3372.51,USD
2026-06-01,4,1,Cloud PC Storage,174,6.8011,1183.38,USD
2026-06-01,4,1,NAT Gateway,6960,0.0454,315.87,USD
2026-06-01,4,1,Monitoring / Exoprise,174,2.241,389.94,USD
2026-06-01,4,1,Mac Management,18,5.9849,107.73,USD
2026-06-01,4,2,Windows 365 License,184,72.2881,13301.01,USD
2026-06-01,4,2,Cloud PC Compute,184,21.7801,4007.55,USD
2026-06-01,4,2,Cloud PC Storage,184,6.8236,1255.55,USD
2026-06-01,4,2,NAT Gateway,5008,0.0407,203.59,USD
2026-06-01,4,2,Monitoring / Exoprise,184,2.3033,423.8,USD
2026-06-01,4,2,Mac Management,25,5.7611,144.03,USD
2026-06-01,4,3,Windows 365 License,188,69.8791,13137.27,USD
2026-06-01,4,3,Cloud PC Compute,188,21.7052,4080.57,USD
2026-06-01,4,3,Cloud PC Storage,188,8.1295,1528.34,USD
2026-06-01,4,3,NAT Gateway,5110,0.047,240.3,USD
2026-06-01,4,3,Monitoring / Exoprise,188,2.14,402.32,USD
2026-06-01,4,3,Mac Management,25,5.9363,148.41,USD
2026-06-01,4,4,Windows 365 License,203,69.4787,14104.18,USD
2026-06-01,4,4,Cloud PC Compute,203,19.7534,4009.93,USD
2026-06-01,4,4,Cloud PC Storage,203,6.8781,1396.26,USD
2026-06-01,4,4,NAT Gateway,3042,0.0415,126.29,USD
2026-06-01,4,4,Monitoring / Exoprise,203,2.2807,462.98,USD
2026-06-01,4,4,Mac Management,19,6.2968,119.64,USD
2026-06-01,4,5,Windows 365 License,194,75.9702,14738.21,USD
2026-06-01,4,5,Cloud PC Compute,194,21.4525,4161.78,USD
2026-06-01,4,5,Cloud PC Storage,194,8.0111,1554.16,USD
2026-06-01,4,5,NAT Gateway,6821,0.0473,322.52,USD
2026-06-01,4,5,Monitoring / Exoprise,194,2.3394,453.85,USD
2026-06-01,4,5,Mac Management,11,5.7152,62.87,USD
2026-06-01,4,6,Windows 365 License,185,69.1394,12790.8,USD
2026-06-01,4,6,Cloud PC Compute,185,18.7417,3467.21,USD
2026-06-01,4,6,Cloud PC Storage,185,6.9495,1285.67,USD
2026-06-01,4,6,NAT Gateway,2865,0.0502,143.91,USD
2026-06-01,4,6,Monitoring / Exoprise,185,2.2166,410.07,USD
2026-06-01,4,6,Mac Management,25,6.289,157.23,USD
2026-06-01,5,1,Windows 365 License,167,69.8455,11664.19,USD
2026-06-01,5,1,Cloud PC Compute,167,18.2347,3045.19,USD
2026-06-01,5,1,Cloud PC Storage,167,6.7941,1134.62,USD
2026-06-01,5,1,NAT Gateway,5818,0.0432,251.3,USD
2026-06-01,5,1,Monitoring / Exoprise,167,2.2178,370.37,USD
2026-06-01,5,1,Mac Management,21,5.872,123.31,USD
2026-06-01,5,2,Windows 365 License,200,76.1543,15230.87,USD
2026-06-01,5,2,Cloud PC Compute,200,19.1309,3826.18,USD
2026-06-01,5,2,Cloud PC Storage,200,6.9745,1394.9,USD
2026-06-01,5,2,NAT Gateway,1935,0.044,85.15,USD
2026-06-01,5,2,Monitoring / Exoprise,200,2.3034,460.68,USD
2026-06-01,5,2,Mac Management,21,5.9752,125.48,USD
2026-06-01,5,3,Windows 365 License,214,68.2855,14613.1,USD
2026-06-01,5,3,Cloud PC Compute,214,19.6493,4204.94,USD
2026-06-01,5,3,Cloud PC Storage,214,7.6814,1643.83,USD
2026-06-01,5,3,NAT Gateway,1057,0.0477,50.44,USD
2026-06-01,5,3,Monitoring / Exoprise,214,2.1855,467.71,USD
2026-06-01,5,3,Mac Management,30,6.2929,188.79,USD
2026-06-01,5,4,Windows 365 License,188,73.98,13908.23,USD
2026-06-01,5,4,Cloud PC Compute,188,19.4606,3658.58,USD
2026-06-01,5,4,Cloud PC Storage,188,7.515,1412.83,USD
2026-06-01,5,4,NAT Gateway,6141,0.0422,258.9,USD
2026-06-01,5,4,Monitoring / Exoprise,188,2.1415,402.61,USD
2026-06-01,5,4,Mac Management,23,5.8621,134.83,USD
2026-06-01,5,5,Windows 365 License,198,74.1108,14673.94,USD
2026-06-01,5,5,Cloud PC Compute,198,21.5314,4263.21,USD
2026-06-01,5,5,Cloud PC Storage,198,7.5656,1497.99,USD
2026-06-01,5,5,NAT Gateway,2471,0.0503,124.2,USD
2026-06-01,5,5,Monitoring / Exoprise,198,2.2721,449.88,USD
2026-06-01,5,5,Mac Management,14,5.8732,82.23,USD
2026-06-01,5,6,Windows 365 License,186,71.6619,13329.11,USD
2026-06-01,5,6,Cloud PC Compute,186,21.1952,3942.32,USD
2026-06-01,5,6,Cloud PC Storage,186,8.0434,1496.08,USD
2026-06-01,5,6,NAT Gateway,3743,0.0451,168.98,USD
2026-06-01,5,6,Monitoring / Exoprise,186,2.2188,412.69,USD
2026-06-01,5,6,Mac Management,20,6.0082,120.16,USD
2026-06-01,6,1,Windows 365 License,197,70.788,13945.24,USD
2026-06-01,6,1,Cloud PC Compute,197,18.6489,3673.84,USD
2026-06-01,6,1,Cloud PC Storage,197,7.8467,1545.79,USD
2026-06-01,6,1,NAT Gateway,5163,0.0425,219.29,USD
2026-06-01,6,1,Monitoring / Exoprise,197,2.1674,426.98,USD
2026-06-01,6,1,Mac Management,20,5.8559,117.12,USD
2026-06-01,6,2,Windows 365 License,196,74.4313,14588.53,USD
2026-06-01,6,2,Cloud PC Compute,196,18.9734,3718.78,USD
2026-06-01,6,2,Cloud PC Storage,196,7.6897,1507.18,USD
2026-06-01,6,2,NAT Gateway,2164,0.0491,106.18,USD
2026-06-01,6,2,Monitoring / Exoprise,196,2.334,457.47,USD
2026-06-01,6,2,Mac Management,16,5.7851,92.56,USD
2026-06-01,6,3,Windows 365 License,193,69.6413,13440.78,USD
2026-06-01,6,3,Cloud PC Compute,193,18.1018,3493.64,USD
2026-06-01,6,3,Cloud PC Storage,193,7.2216,1393.77,USD
2026-06-01,6,3,NAT Gateway,4022,0.0461,185.42,USD
2026-06-01,6,3,Monitoring / Exoprise,193,2.2225,428.94,USD
2026-06-01,6,3,Mac Management,13,5.7608,74.89,USD
2026-06-01,6,4,Windows 365 License,176,75.3184,13256.05,USD
2026-06-01,6,4,Cloud PC Compute,176,19.7298,3472.45,USD
2026-06-01,6,4,Cloud PC Storage,176,7.3194,1288.21,USD
2026-06-01,6,4,NAT Gateway,2947,0.0477,140.66,USD
2026-06-01,6,4,Monitoring / Exoprise,176,2.2329,392.99,USD
2026-06-01,6,4,Mac Management,16,5.9259,94.81,USD
2026-06-01,6,5,Windows 365 License,202,71.7618,14495.88,USD
2026-06-01,6,5,Cloud PC Compute,202,20.784,4198.37,USD
2026-06-01,6,5,Cloud PC Storage,202,7.1255,1439.35,USD
2026-06-01,6,5,NAT Gateway,1379,0.0422,58.15,USD
2026-06-01,6,5,Monitoring / Exoprise,202,2.1558,435.47,USD
2026-06-01,6,5,Mac Management,15,6.2433,93.65,USD
2026-06-01,6,6,Windows 365 License,185,75.0522,13884.66,USD
2026-06-01,6,6,Cloud PC Compute,185,18.1426,3356.38,USD
2026-06-01,6,6,Cloud PC Storage,185,8.0412,1487.62,USD
2026-06-01,6,6,NAT Gateway,3129,0.0434,135.9,USD
2026-06-01,6,6,Monitoring / Exoprise,185,2.2347,413.42,USD
2026-06-01,6,6,Mac Management,21,6.049,127.03,USD
2026-06-01,7,1,Windows 365 License,193,72.9715,14083.51,USD
2026-06-01,7,1,Cloud PC Compute,193,21.6732,4182.93,USD
2026-06-01,7,1,Cloud PC Storage,193,7.5757,1462.11,USD
2026-06-01,7,1,NAT Gateway,3146,0.0439,138.11,USD
2026-06-01,7,1,Monitoring / Exoprise,193,2.1988,424.36,USD
2026-06-01,7,1,Mac Management,19,6.017,114.32,USD
2026-06-01,7,2,Windows 365 License,193,75.7063,14611.32,USD
2026-06-01,7,2,Cloud PC Compute,193,18.8056,3629.49,USD
2026-06-01,7,2,Cloud PC Storage,193,8.0587,1555.33,USD
2026-06-01,7,2,NAT Gateway,4776,0.045,215.13,USD
2026-06-01,7,2,Monitoring / Exoprise,193,2.1439,413.78,USD
2026-06-01,7,2,Mac Management,22,6.1952,136.29,USD
2026-06-01,7,3,Windows 365 License,186,72.1502,13419.94,USD
2026-06-01,7,3,Cloud PC Compute,186,19.6153,3648.44,USD
2026-06-01,7,3,Cloud PC Storage,186,7.0715,1315.3,USD
2026-06-01,7,3,NAT Gateway,3162,0.0497,157.16,USD
2026-06-01,7,3,Monitoring / Exoprise,186,2.1834,406.11,USD
2026-06-01,7,3,Mac Management,20,6.1422,122.84,USD
2026-06-01,7,4,Windows 365 License,196,72.1727,14145.84,USD
2026-06-01,7,4,Cloud PC Compute,196,21.1601,4147.38,USD
2026-06-01,7,4,Cloud PC Storage,196,7.9903,1566.11,USD
2026-06-01,7,4,NAT Gateway,1199,0.0398,47.76,USD
2026-06-01,7,4,Monitoring / Exoprise,196,2.1797,427.22,USD
2026-06-01,7,4,Mac Management,19,6.1177,116.24,USD
2026-06-01,7,5,Windows 365 License,165,70.174,11578.71,USD
2026-06-01,7,5,Cloud PC Compute,165,18.9635,3128.98,USD
2026-06-01,7,5,Cloud PC Storage,165,6.7886,1120.12,USD
2026-06-01,7,5,NAT Gateway,4808,0.0404,194.33,USD
2026-06-01,7,5,Monitoring / Exoprise,165,2.349,387.59,USD
2026-06-01,7,5,Mac Management,16,6.133,98.13,USD
2026-06-01,7,6,Windows 365 License,195,73.2191,14277.72,USD
2026-06-01,7,6,Cloud PC Compute,195,19.835,3867.83,USD
2026-06-01,7,6,Cloud PC Storage,195,7.1151,1387.44,USD
2026-06-01,7,6,NAT Gateway,1966,0.049,96.39,USD
2026-06-01,7,6,Monitoring / Exoprise,195,2.1902,427.1,USD
2026-06-01,7,6,Mac Management,23,5.878,135.19,USD
2026-06-01,8,1,Windows 365 License,198,74.5284,14756.63,USD
2026-06-01,8,1,Cloud PC Compute,198,18.4038,3643.96,USD
2026-06-01,8,1,Cloud PC Storage,198,6.8506,1356.41,USD
2026-06-01,8,1,NAT Gateway,1500,0.0414,62.07,USD
2026-06-01,8,1,Monitoring / Exoprise,198,2.2698,449.41,USD
2026-06-01,8,1,Mac Management,18,6.286,113.15,USD
2026-06-01,8,2,Windows 365 License,216,71.3075,15402.43,USD
2026-06-01,8,2,Cloud PC Compute,216,21.8608,4721.94,USD
2026-06-01,8,2,Cloud PC Storage,216,6.8146,1471.94,USD
2026-06-01,8,2,NAT Gateway,2282,0.0451,102.88,USD
2026-06-01,8,2,Monitoring / Exoprise,216,2.2374,483.28,USD
2026-06-01,8,2,Mac Management,23,5.7613,132.51,USD
2026-06-01,8,3,Windows 365 License,187,71.7309,13413.68,USD
2026-06-01,8,3,Cloud PC Compute,187,20.4254,3819.56,USD
2026-06-01,8,3,Cloud PC Storage,187,7.9188,1480.82,USD
2026-06-01,8,3,NAT Gateway,2410,0.0423,101.89,USD
2026-06-01,8,3,Monitoring / Exoprise,187,2.3519,439.8,USD
2026-06-01,8,3,Mac Management,24,5.7124,137.1,USD
2026-06-01,8,4,Windows 365 License,212,73.3593,15552.16,USD
2026-06-01,8,4,Cloud PC Compute,212,19.8341,4204.83,USD
2026-06-01,8,4,Cloud PC Storage,212,7.6194,1615.3,USD
2026-06-01,8,4,NAT Gateway,4218,0.0429,180.83,USD
2026-06-01,8,4,Monitoring / Exoprise,212,2.237,474.25,USD
2026-06-01,8,4,Mac Management,20,5.9266,118.53,USD
2026-06-01,8,5,Windows 365 License,189,75.6967,14306.67,USD
2026-06-01,8,5,Cloud PC Compute,189,18.0292,3407.51,USD
2026-06-01,8,5,Cloud PC Storage,189,7.2234,1365.23,USD
2026-06-01,8,5,NAT Gateway,1219,0.0404,49.26,USD
2026-06-01,8,5,Monitoring / Exoprise,189,2.1611,408.45,USD
2026-06-01,8,5,Mac Management,26,5.73,148.98,USD
2026-06-01,8,6,Windows 365 License,175,74.3832,13017.06,USD
2026-06-01,8,6,Cloud PC Compute,175,19.567,3424.22,USD
2026-06-01,8,6,Cloud PC Storage,175,7.435,1301.12,USD
2026-06-01,8,6,NAT Gateway,4745,0.0457,216.98,USD
2026-06-01,8,6,Monitoring / Exoprise,175,2.1772,381.01,USD
2026-06-01,8,6,Mac Management,16,6.1801,98.88,USD
2026-06-01,9,1,Windows 365 License,194,73.058,14173.25,USD
2026-06-01,9,1,Cloud PC Compute,194,20.0689,3893.36,USD
2026-06-01,9,1,Cloud PC Storage,194,7.4853,1452.15,USD
2026-06-01,9,1,NAT Gateway,3732,0.0479,178.75,USD
2026-06-01,9,1,Monitoring / Exoprise,194,2.2076,428.28,USD
2026-06-01,9,1,Mac Management,23,6.2851,144.56,USD
2026-06-01,9,2,Windows 365 License,200,69.2738,13854.77,USD
2026-06-01,9,2,Cloud PC Compute,200,19.8018,3960.36,USD
2026-06-01,9,2,Cloud PC Storage,200,8.1127,1622.54,USD
2026-06-01,9,2,NAT Gateway,4964,0.0485,240.89,USD
2026-06-01,9,2,Monitoring / Exoprise,200,2.2339,446.77,USD
2026-06-01,9,2,Mac Management,20,6.2342,124.68,USD
2026-06-01,9,3,Windows 365 License,206,67.8309,13973.16,USD
2026-06-01,9,3,Cloud PC Compute,206,19.8658,4092.35,USD
2026-06-01,9,3,Cloud PC Storage,206,7.9883,1645.6,USD
2026-06-01,9,3,NAT Gateway,5587,0.0446,249.21,USD
2026-06-01,9,3,Monitoring / Exoprise,206,2.3424,482.54,USD
2026-06-01,9,3,Mac Management,19,5.8373,110.91,USD
2026-06-01,9,4,Windows 365 License,194,74.4064,14434.83,USD
2026-06-01,9,4,Cloud PC Compute,194,19.7009,3821.97,USD
2026-06-01,9,4,Cloud PC Storage,194,6.8625,1331.32,USD
2026-06-01,9,4,NAT Gateway,6390,0.0493,315.27,USD
2026-06-01,9,4,Monitoring / Exoprise,194,2.3217,450.4,USD
2026-06-01,9,4,Mac Management,20,5.9397,118.79,USD
2026-06-01,9,5,Windows 365 License,201,67.8391,13635.66,USD
2026-06-01,9,5,Cloud PC Compute,201,20.2698,4074.23,USD
2026-06-01,9,5,Cloud PC Storage,201,7.8643,1580.72,USD
2026-06-01,9,5,NAT Gateway,1962,0.0451,88.4,USD
2026-06-01,9,5,Monitoring / Exoprise,201,2.2403,450.3,USD
2026-06-01,9,5,Mac Management,18,5.953,107.15,USD
2026-06-01,9,6,Windows 365 License,208,73.6003,15308.87,USD
2026-06-01,9,6,Cloud PC Compute,208,21.8026,4534.93,USD
2026-06-01,9,6,Cloud PC Storage,208,7.055,1467.43,USD
2026-06-01,9,6,NAT Gateway,4903,0.046,225.55,USD
2026-06-01,9,6,Monitoring / Exoprise,208,2.3179,482.13,USD
2026-06-01,9,6,Mac Management,18,5.9095,106.37,USD
2026-06-01,10,1,Windows 365 License,195,68.3971,13337.44,USD
2026-06-01,10,1,Cloud PC Compute,195,18.6121,3629.36,USD
2026-06-01,10,1,Cloud PC Storage,195,7.9675,1553.66,USD
2026-06-01,10,1,NAT Gateway,3331,0.0482,160.71,USD
2026-06-01,10,1,Monitoring / Exoprise,195,2.3036,449.2,USD
2026-06-01,10,1,Mac Management,28,6.0258,168.72,USD
2026-06-01,10,2,Windows 365 License,186,71.5091,13300.7,USD
2026-06-01,10,2,Cloud PC Compute,186,20.8342,3875.16,USD
2026-06-01,10,2,Cloud PC Storage,186,6.8339,1271.11,USD
2026-06-01,10,2,NAT Gateway,2139,0.0485,103.73,USD
2026-06-01,10,2,Monitoring / Exoprise,186,2.2616,420.66,USD
2026-06-01,10,2,Mac Management,20,5.9902,119.8,USD
2026-06-01,10,3,Windows 365 License,208,75.0861,15617.9,USD
2026-06-01,10,3,Cloud PC Compute,208,19.3388,4022.46,USD
2026-06-01,10,3,Cloud PC Storage,208,7.8445,1631.65,USD
2026-06-01,10,3,NAT Gateway,2565,0.0432,110.75,USD
2026-06-01,10,3,Monitoring / Exoprise,208,2.1606,449.4,USD
2026-06-01,10,3,Mac Management,17,6.1414,104.4,USD
2026-06-01,10,4,Windows 365 License,203,67.7072,13744.57,USD
2026-06-01,10,4,Cloud PC Compute,203,18.6388,3783.68,USD
2026-06-01,10,4,Cloud PC Storage,203,7.0333,1427.77,USD
2026-06-01,10,4,NAT Gateway,2190,0.0405,88.65,USD
2026-06-01,10,4,Monitoring / Exoprise,203,2.1928,445.15,USD
2026-06-01,10,4,Mac Management,28,5.9891,167.69,USD
2026-06-01,10,5,Windows 365 License,213,69.3582,14773.31,USD
2026-06-01,10,5,Cloud PC Compute,213,21.3772,4553.35,USD
2026-06-01,10,5,Cloud PC Storage,213,7.012,1493.55,USD
2026-06-01,10,5,NAT Gateway,2860,0.0501,143.43,USD
2026-06-01,10,5,Monitoring / Exoprise,213,2.1956,467.66,USD
2026-06-01,10,5,Mac Management,20,5.927,118.54,USD
2026-06-01,10,6,Windows 365 License,219,73.4787,16091.83,USD
2026-06-01,10,6,Cloud PC Compute,219,21.8101,4776.41,USD
2026-06-01,10,6,Cloud PC Storage,219,8.0054,1753.19,USD
2026-06-01,10,6,NAT Gateway,1160,0.0473,54.86,USD
2026-06-01,10,6,Monitoring / Exoprise,219,2.3217,508.46,USD
2026-06-01,10,6,Mac Management,18,5.763,103.73,USD
2026-06-01,11,1,Windows 365 License,187,75.8933,14192.05,USD
2026-06-01,11,1,Cloud PC Compute,187,19.1029,3572.23,USD
2026-06-01,11,1,Cloud PC Storage,187,7.7712,1453.22,USD
2026-06-01,11,1,NAT Gateway,2249,0.0437,98.26,USD
2026-06-01,11,1,Monitoring / Exoprise,187,2.2382,418.55,USD
2026-06-01,11,1,Mac Management,18,5.7959,104.33,USD
2026-06-01,11,2,Windows 365 License,201,72.0845,14488.99,USD
2026-06-01,11,2,Cloud PC Compute,201,19.928,4005.53,USD
2026-06-01,11,2,Cloud PC Storage,201,7.1324,1433.62,USD
2026-06-01,11,2,NAT Gateway,6824,0.0484,329.97,USD
2026-06-01,11,2,Monitoring / Exoprise,201,2.3148,465.28,USD
2026-06-01,11,2,Mac Management,25,5.7402,143.5,USD
2026-06-01,11,3,Windows 365 License,206,69.378,14291.88,USD
2026-06-01,11,3,Cloud PC Compute,206,20.9984,4325.66,USD
2026-06-01,11,3,Cloud PC Storage,206,7.9121,1629.89,USD
2026-06-01,11,3,NAT Gateway,3029,0.0466,141.05,USD
2026-06-01,11,3,Monitoring / Exoprise,206,2.201,453.4,USD
2026-06-01,11,3,Mac Management,23,5.7792,132.92,USD
2026-06-01,11,4,Windows 365 License,192,69.5283,13349.44,USD
2026-06-01,11,4,Cloud PC Compute,192,18.1576,3486.26,USD
2026-06-01,11,4,Cloud PC Storage,192,7.7411,1486.3,USD
2026-06-01,11,4,NAT Gateway,1744,0.0452,78.78,USD
2026-06-01,11,4,Monitoring / Exoprise,192,2.2627,434.44,USD
2026-06-01,11,4,Mac Management,18,6.075,109.35,USD
2026-06-01,11,5,Windows 365 License,209,72.8335,15222.2,USD
2026-06-01,11,5,Cloud PC Compute,209,20.6291,4311.49,USD
2026-06-01,11,5,Cloud PC Storage,209,6.7898,1419.07,USD
2026-06-01,11,5,NAT Gateway,2129,0.05,106.41,USD
2026-06-01,11,5,Monitoring / Exoprise,209,2.2181,463.57,USD
2026-06-01,11,5,Mac Management,20,6.1429,122.86,USD
2026-06-01,11,6,Windows 365 License,185,73.5336,13603.71,USD
2026-06-01,11,6,Cloud PC Compute,185,18.2216,3371.0,USD
2026-06-01,11,6,Cloud PC Storage,185,7.1716,1326.74,USD
2026-06-01,11,6,NAT Gateway,1281,0.0432,55.36,USD
2026-06-01,11,6,Monitoring / Exoprise,185,2.1539,398.48,USD
2026-06-01,11,6,Mac Management,21,6.1984,130.17,USD
2026-06-01,12,1,Windows 365 License,206,69.2163,14258.55,USD
2026-06-01,12,1,Cloud PC Compute,206,19.4498,4006.65,USD
2026-06-01,12,1,Cloud PC Storage,206,7.6959,1585.35,USD
2026-06-01,12,1,NAT Gateway,3653,0.0412,150.35,USD
2026-06-01,12,1,Monitoring / Exoprise,206,2.2607,465.7,USD
2026-06-01,12,1,Mac Management,16,6.185,98.96,USD
2026-06-01,12,2,Windows 365 License,197,73.5511,14489.57,USD
2026-06-01,12,2,Cloud PC Compute,197,18.9507,3733.29,USD
2026-06-01,12,2,Cloud PC Storage,197,7.3186,1441.77,USD
2026-06-01,12,2,NAT Gateway,2968,0.0418,124.03,USD
2026-06-01,12,2,Monitoring / Exoprise,197,2.351,463.14,USD
2026-06-01,12,2,Mac Management,17,6.2596,106.41,USD
2026-06-01,12,3,Windows 365 License,163,68.4802,11162.27,USD
2026-06-01,12,3,Cloud PC Compute,163,19.6828,3208.3,USD
2026-06-01,12,3,Cloud PC Storage,163,7.9547,1296.62,USD
2026-06-01,12,3,NAT Gateway,2065,0.0456,94.25,USD
2026-06-01,12,3,Monitoring / Exoprise,163,2.3206,378.25,USD
2026-06-01,12,3,Mac Management,14,5.9222,82.91,USD
2026-06-01,12,4,Windows 365 License,193,71.464,13792.55,USD
2026-06-01,12,4,Cloud PC Compute,193,18.6042,3590.61,USD
2026-06-01,12,4,Cloud PC Storage,193,8.0698,1557.47,USD
2026-06-01,12,4,NAT Gateway,1493,0.0435,64.99,USD
2026-06-01,12,4,Monitoring / Exoprise,193,2.3117,446.16,USD
2026-06-01,12,4,Mac Management,26,5.7894,150.52,USD
2026-06-01,12,5,Windows 365 License,181,75.8354,13726.2,USD
2026-06-01,12,5,Cloud PC Compute,181,21.9575,3974.3,USD
2026-06-01,12,5,Cloud PC Storage,181,8.1417,1473.66,USD
2026-06-01,12,5,NAT Gateway,6825,0.041,279.63,USD
2026-06-01,12,5,Monitoring / Exoprise,181,2.2746,411.71,USD
2026-06-01,12,5,Mac Management,14,6.2494,87.49,USD
2026-06-01,12,6,Windows 365 License,198,74.7219,14794.94,USD
2026-06-01,12,6,Cloud PC Compute,198,19.7442,3909.36,USD
2026-06-01,12,6,Cloud PC Storage,198,8.1211,1607.98,USD
2026-06-01,12,6,NAT Gateway,4651,0.0399,185.67,USD
2026-06-01,12,6,Monitoring / Exoprise,198,2.3195,459.25,USD
2026-06-01,12,6,Mac Management,21,5.9556,125.07,USD
2026-07-01,1,1,Windows 365 License,176,67.8546,11942.4,USD
2026-07-01,1,1,Cloud PC Compute,176,18.6842,3288.42,USD
2026-07-01,1,1,Cloud PC Storage,176,6.8822,1211.26,USD
2026-07-01,1,1,NAT Gateway,2954,0.0422,124.65,USD
2026-07-01,1,1,Monitoring / Exoprise,176,2.2542,396.73,USD
2026-07-01,1,1,Mac Management,17,5.8837,100.02,USD
2026-07-01,1,2,Windows 365 License,216,75.7804,16368.56,USD
2026-07-01,1,2,Cloud PC Compute,216,19.7432,4264.53,USD
2026-07-01,1,2,Cloud PC Storage,216,6.9364,1498.26,USD
2026-07-01,1,2,NAT Gateway,4152,0.049,203.61,USD
2026-07-01,1,2,Monitoring / Exoprise,216,2.3242,502.02,USD
2026-07-01,1,2,Mac Management,25,5.7612,144.03,USD
2026-07-01,1,3,Windows 365 License,190,71.7198,13626.77,USD
2026-07-01,1,3,Cloud PC Compute,190,18.0447,3428.49,USD
2026-07-01,1,3,Cloud PC Storage,190,7.8647,1494.29,USD
2026-07-01,1,3,NAT Gateway,2220,0.0417,92.52,USD
2026-07-01,1,3,Monitoring / Exoprise,190,2.1618,410.74,USD
2026-07-01,1,3,Mac Management,22,6.2946,138.48,USD
2026-07-01,1,4,Windows 365 License,218,73.4916,16021.16,USD
2026-07-01,1,4,Cloud PC Compute,218,20.4788,4464.39,USD
2026-07-01,1,4,Cloud PC Storage,218,7.1191,1551.96,USD
2026-07-01,1,4,NAT Gateway,4529,0.0408,184.76,USD
2026-07-01,1,4,Monitoring / Exoprise,218,2.237,487.68,USD
2026-07-01,1,4,Mac Management,23,5.8178,133.81,USD
2026-07-01,1,5,Windows 365 License,198,67.9986,13463.72,USD
2026-07-01,1,5,Cloud PC Compute,198,18.2387,3611.27,USD
2026-07-01,1,5,Cloud PC Storage,198,8.1679,1617.25,USD
2026-07-01,1,5,NAT Gateway,822,0.0455,37.36,USD
2026-07-01,1,5,Monitoring / Exoprise,198,2.2464,444.78,USD
2026-07-01,1,5,Mac Management,19,6.171,117.25,USD
2026-07-01,1,6,Windows 365 License,207,74.1407,15347.12,USD
2026-07-01,1,6,Cloud PC Compute,207,21.837,4520.26,USD
2026-07-01,1,6,Cloud PC Storage,207,7.0814,1465.84,USD
2026-07-01,1,6,NAT Gateway,2568,0.0431,110.56,USD
2026-07-01,1,6,Monitoring / Exoprise,207,2.197,454.78,USD
2026-07-01,1,6,Mac Management,31,6.2457,193.62,USD
2026-07-01,2,1,Windows 365 License,180,72.5388,13056.98,USD
2026-07-01,2,1,Cloud PC Compute,180,19.3992,3491.86,USD
2026-07-01,2,1,Cloud PC Storage,180,7.1402,1285.23,USD
2026-07-01,2,1,NAT Gateway,3035,0.0482,146.26,USD
2026-07-01,2,1,Monitoring / Exoprise,180,2.3094,415.69,USD
2026-07-01,2,1,Mac Management,21,5.7263,120.25,USD
2026-07-01,2,2,Windows 365 License,195,68.3953,13337.08,USD
2026-07-01,2,2,Cloud PC Compute,195,18.5486,3616.97,USD
2026-07-01,2,2,Cloud PC Storage,195,7.215,1406.92,USD
2026-07-01,2,2,NAT Gateway,2460,0.0419,103.15,USD
2026-07-01,2,2,Monitoring / Exoprise,195,2.2754,443.71,USD
2026-07-01,2,2,Mac Management,29,5.8326,169.14,USD
2026-07-01,2,3,Windows 365 License,198,74.8289,14816.12,USD
2026-07-01,2,3,Cloud PC Compute,198,18.9176,3745.69,USD
2026-07-01,2,3,Cloud PC Storage,198,7.565,1497.87,USD
2026-07-01,2,3,NAT Gateway,4606,0.044,202.51,USD
2026-07-01,2,3,Monitoring / Exoprise,198,2.3544,466.16,USD
2026-07-01,2,3,Mac Management,17,6.1345,104.29,USD
2026-07-01,2,4,Windows 365 License,190,70.8112,13454.12,USD
2026-07-01,2,4,Cloud PC Compute,190,20.1556,3829.56,USD
2026-07-01,2,4,Cloud PC Storage,190,7.0573,1340.88,USD
2026-07-01,2,4,NAT Gateway,2245,0.0465,104.44,USD
2026-07-01,2,4,Monitoring / Exoprise,190,2.3042,437.81,USD
2026-07-01,2,4,Mac Management,28,6.0567,169.59,USD
2026-07-01,2,5,Windows 365 License,200,72.9081,14581.62,USD
2026-07-01,2,5,Cloud PC Compute,200,18.2369,3647.39,USD
2026-07-01,2,5,Cloud PC Storage,200,7.1926,1438.51,USD
2026-07-01,2,5,NAT Gateway,4807,0.0435,209.17,USD
2026-07-01,2,5,Monitoring / Exoprise,200,2.2605,452.1,USD
2026-07-01,2,5,Mac Management,29,6.1093,177.17,USD
2026-07-01,2,6,Windows 365 License,176,75.6985,13322.93,USD
2026-07-01,2,6,Cloud PC Compute,176,21.4044,3767.17,USD
2026-07-01,2,6,Cloud PC Storage,176,7.2841,1282.01,USD
2026-07-01,2,6,NAT Gateway,860,0.0431,37.03,USD
2026-07-01,2,6,Monitoring / Exoprise,176,2.2364,393.61,USD
2026-07-01,2,6,Mac Management,13,6.1127,79.47,USD
2026-07-01,3,1,Windows 365 License,198,75.262,14901.87,USD
2026-07-01,3,1,Cloud PC Compute,198,21.5841,4273.65,USD
2026-07-01,3,1,Cloud PC Storage,198,7.9987,1583.74,USD
2026-07-01,3,1,NAT Gateway,2508,0.0443,111.14,USD
2026-07-01,3,1,Monitoring / Exoprise,198,2.21,437.59,USD
2026-07-01,3,1,Mac Management,31,5.7938,179.61,USD
2026-07-01,3,2,Windows 365 License,207,73.1528,15142.63,USD
2026-07-01,3,2,Cloud PC Compute,207,20.4142,4225.75,USD
2026-07-01,3,2,Cloud PC Storage,207,7.1241,1474.69,USD
2026-07-01,3,2,NAT Gateway,3316,0.043,142.49,USD
2026-07-01,3,2,Monitoring / Exoprise,207,2.3025,476.61,USD
2026-07-01,3,2,Mac Management,19,5.8089,110.37,USD
2026-07-01,3,3,Windows 365 License,200,70.9966,14199.31,USD
2026-07-01,3,3,Cloud PC Compute,200,21.2181,4243.63,USD
2026-07-01,3,3,Cloud PC Storage,200,7.9147,1582.94,USD
2026-07-01,3,3,NAT Gateway,2298,0.0433,99.54,USD
2026-07-01,3,3,Monitoring / Exoprise,200,2.2004,440.09,USD
2026-07-01,3,3,Mac Management,20,6.2941,125.88,USD
2026-07-01,3,4,Windows 365 License,177,67.8523,12009.86,USD
2026-07-01,3,4,Cloud PC Compute,177,19.7323,3492.62,USD
2026-07-01,3,4,Cloud PC Storage,177,8.0755,1429.37,USD
2026-07-01,3,4,NAT Gateway,5550,0.0456,253.29,USD
2026-07-01,3,4,Monitoring / Exoprise,177,2.3214,410.89,USD
2026-07-01,3,4,Mac Management,25,6.0074,150.18,USD
2026-07-01,3,5,Windows 365 License,198,68.096,13483.02,USD
2026-07-01,3,5,Cloud PC Compute,198,21.5292,4262.78,USD
2026-07-01,3,5,Cloud PC Storage,198,7.9288,1569.91,USD
2026-07-01,3,5,NAT Gateway,2673,0.0449,119.9,USD
2026-07-01,3,5,Monitoring / Exoprise,198,2.3528,465.86,USD
2026-07-01,3,5,Mac Management,25,6.1716,154.29,USD
2026-07-01,3,6,Windows 365 License,196,70.5908,13835.8,USD
2026-07-01,3,6,Cloud PC Compute,196,19.9305,3906.37,USD
2026-07-01,3,6,Cloud PC Storage,196,7.5985,1489.3,USD
2026-07-01,3,6,NAT Gateway,6129,0.0456,279.6,USD
2026-07-01,3,6,Monitoring / Exoprise,196,2.1843,428.12,USD
2026-07-01,3,6,Mac Management,25,6.2355,155.89,USD
2026-07-01,4,1,Windows 365 License,174,72.9066,12685.75,USD
2026-07-01,4,1,Cloud PC Compute,174,21.298,3705.85,USD
2026-07-01,4,1,Cloud PC Storage,174,7.0619,1228.76,USD
2026-07-01,4,1,NAT Gateway,1787,0.0399,71.34,USD
2026-07-01,4,1,Monitoring / Exoprise,174,2.1907,381.18,USD
2026-07-01,4,1,Mac Management,18,5.9064,106.32,USD
2026-07-01,4,2,Windows 365 License,184,69.7394,12832.05,USD
2026-07-01,4,2,Cloud PC Compute,184,21.4159,3940.53,USD
2026-07-01,4,2,Cloud PC Storage,184,6.8662,1263.38,USD
2026-07-01,4,2,NAT Gateway,4814,0.0459,221.07,USD
2026-07-01,4,2,Monitoring / Exoprise,184,2.3318,429.05,USD
2026-07-01,4,2,Mac Management,25,5.7738,144.34,USD
2026-07-01,4,3,Windows 365 License,188,75.0657,14112.35,USD
2026-07-01,4,3,Cloud PC Compute,188,18.5727,3491.67,USD
2026-07-01,4,3,Cloud PC Storage,188,6.7726,1273.25,USD
2026-07-01,4,3,NAT Gateway,6818,0.0477,325.16,USD
2026-07-01,4,3,Monitoring / Exoprise,188,2.1996,413.53,USD
2026-07-01,4,3,Mac Management,25,5.7279,143.2,USD
2026-07-01,4,4,Windows 365 License,203,74.5626,15136.21,USD
2026-07-01,4,4,Cloud PC Compute,203,18.5717,3770.05,USD
2026-07-01,4,4,Cloud PC Storage,203,8.0181,1627.67,USD
2026-07-01,4,4,NAT Gateway,6481,0.0415,269.1,USD
2026-07-01,4,4,Monitoring / Exoprise,203,2.3349,473.99,USD
2026-07-01,4,4,Mac Management,19,5.7457,109.17,USD
2026-07-01,4,5,Windows 365 License,194,72.1107,13989.47,USD
2026-07-01,4,5,Cloud PC Compute,194,21.8422,4237.38,USD
2026-07-01,4,5,Cloud PC Storage,194,7.4228,1440.03,USD
2026-07-01,4,5,NAT Gateway,2173,0.0418,90.79,USD
2026-07-01,4,5,Monitoring / Exoprise,194,2.3321,452.42,USD
2026-07-01,4,5,Mac Management,11,6.2572,68.83,USD
2026-07-01,4,6,Windows 365 License,185,72.5988,13430.78,USD
2026-07-01,4,6,Cloud PC Compute,185,18.5416,3430.2,USD
2026-07-01,4,6,Cloud PC Storage,185,7.4631,1380.67,USD
2026-07-01,4,6,NAT Gateway,4268,0.0446,190.24,USD
2026-07-01,4,6,Monitoring / Exoprise,185,2.1935,405.79,USD
2026-07-01,4,6,Mac Management,25,5.8374,145.94,USD
2026-07-01,5,1,Windows 365 License,167,73.2533,12233.3,USD
2026-07-01,5,1,Cloud PC Compute,167,20.5096,3425.1,USD
2026-07-01,5,1,Cloud PC Storage,167,7.9625,1329.74,USD
2026-07-01,5,1,NAT Gateway,6418,0.0484,310.53,USD
2026-07-01,5,1,Monitoring / Exoprise,167,2.2091,368.92,USD
2026-07-01,5,1,Mac Management,21,5.7083,119.87,USD
2026-07-01,5,2,Windows 365 License,200,75.0903,15018.06,USD
2026-07-01,5,2,Cloud PC Compute,200,20.2739,4054.77,USD
2026-07-01,5,2,Cloud PC Storage,200,6.9502,1390.05,USD
2026-07-01,5,2,NAT Gateway,2291,0.0471,107.94,USD
2026-07-01,5,2,Monitoring / Exoprise,200,2.163,432.6,USD
2026-07-01,5,2,Mac Management,21,6.1011,128.12,USD
2026-07-01,5,3,Windows 365 License,214,74.6656,15978.44,USD
2026-07-01,5,3,Cloud PC Compute,214,20.7327,4436.8,USD
2026-07-01,5,3,Cloud PC Storage,214,7.1606,1532.38,USD
2026-07-01,5,3,NAT Gateway,1000,0.0476,47.61,USD
2026-07-01,5,3,Monitoring / Exoprise,214,2.2475,480.97,USD
2026-07-01,5,3,Mac Management,30,5.7955,173.86,USD
2026-07-01,5,4,Windows 365 License,188,73.194,13760.47,USD
2026-07-01,5,4,Cloud PC Compute,188,18.8177,3537.73,USD
2026-07-01,5,4,Cloud PC Storage,188,7.7525,1457.48,USD
2026-07-01,5,4,NAT Gateway,4046,0.0441,178.35,USD
2026-07-01,5,4,Monitoring / Exoprise,188,2.3227,436.66,USD
2026-07-01,5,4,Mac Management,23,6.0971,140.23,USD
2026-07-01,5,5,Windows 365 License,198,69.9116,13842.5,USD
2026-07-01,5,5,Cloud PC Compute,198,19.332,3827.74,USD
2026-07-01,5,5,Cloud PC Storage,198,6.9438,1374.87,USD
2026-07-01,5,5,NAT Gateway,2998,0.0478,143.22,USD
2026-07-01,5,5,Monitoring / Exoprise,198,2.2796,451.35,USD
2026-07-01,5,5,Mac Management,14,5.7778,80.89,USD
2026-07-01,5,6,Windows 365 License,186,71.366,13274.08,USD
2026-07-01,5,6,Cloud PC Compute,186,21.6404,4025.12,USD
2026-07-01,5,6,Cloud PC Storage,186,7.6296,1419.11,USD
2026-07-01,5,6,NAT Gateway,6407,0.0427,273.31,USD
2026-07-01,5,6,Monitoring / Exoprise,186,2.1984,408.9,USD
2026-07-01,5,6,Mac Management,20,6.0706,121.41,USD
2026-07-01,6,1,Windows 365 License,197,74.3231,14641.65,USD
2026-07-01,6,1,Cloud PC Compute,197,20.8747,4112.32,USD
2026-07-01,6,1,Cloud PC Storage,197,6.9739,1373.86,USD
2026-07-01,6,1,NAT Gateway,4742,0.045,213.36,USD
2026-07-01,6,1,Monitoring / Exoprise,197,2.3611,465.14,USD
2026-07-01,6,1,Mac Management,20,5.9288,118.58,USD
2026-07-01,6,2,Windows 365 License,196,72.5722,14224.14,USD
2026-07-01,6,2,Cloud PC Compute,196,21.6136,4236.27,USD
2026-07-01,6,2,Cloud PC Storage,196,7.4748,1465.06,USD
2026-07-01,6,2,NAT Gateway,2826,0.0477,134.74,USD
2026-07-01,6,2,Monitoring / Exoprise,196,2.2945,449.72,USD
2026-07-01,6,2,Mac Management,16,6.051,96.82,USD
2026-07-01,6,3,Windows 365 License,193,69.3659,13387.62,USD
2026-07-01,6,3,Cloud PC Compute,193,20.596,3975.02,USD
2026-07-01,6,3,Cloud PC Storage,193,7.8482,1514.69,USD
2026-07-01,6,3,NAT Gateway,950,0.0428,40.63,USD
2026-07-01,6,3,Monitoring / Exoprise,193,2.2249,429.41,USD
2026-07-01,6,3,Mac Management,13,6.192,80.5,USD
2026-07-01,6,4,Windows 365 License,176,72.0643,12683.32,USD
2026-07-01,6,4,Cloud PC Compute,176,18.8886,3324.39,USD
2026-07-01,6,4,Cloud PC Storage,176,8.2188,1446.51,USD
2026-07-01,6,4,NAT Gateway,5028,0.0444,223.48,USD
2026-07-01,6,4,Monitoring / Exoprise,176,2.2472,395.5,USD
2026-07-01,6,4,Mac Management,16,6.2579,100.13,USD
2026-07-01,6,5,Windows 365 License,202,69.5612,14051.35,USD
2026-07-01,6,5,Cloud PC Compute,202,18.9243,3822.72,USD
2026-07-01,6,5,Cloud PC Storage,202,7.1774,1449.84,USD
2026-07-01,6,5,NAT Gateway,6885,0.0439,301.97,USD
2026-07-01,6,5,Monitoring / Exoprise,202,2.3268,470.02,USD
2026-07-01,6,5,Mac Management,15,6.1175,91.76,USD
2026-07-01,6,6,Windows 365 License,185,70.4637,13035.79,USD
2026-07-01,6,6,Cloud PC Compute,185,21.6441,4004.16,USD
2026-07-01,6,6,Cloud PC Storage,185,6.8795,1272.71,USD
2026-07-01,6,6,NAT Gateway,1577,0.0495,78.04,USD
2026-07-01,6,6,Monitoring / Exoprise,185,2.2583,417.78,USD
2026-07-01,6,6,Mac Management,21,6.0621,127.3,USD
2026-07-01,7,1,Windows 365 License,193,73.4068,14167.51,USD
2026-07-01,7,1,Cloud PC Compute,193,18.2758,3527.23,USD
2026-07-01,7,1,Cloud PC Storage,193,7.231,1395.58,USD
2026-07-01,7,1,NAT Gateway,5889,0.0491,288.96,USD
2026-07-01,7,1,Monitoring / Exoprise,193,2.2166,427.81,USD
2026-07-01,7,1,Mac Management,19,5.9669,113.37,USD
2026-07-01,7,2,Windows 365 License,193,69.8918,13489.12,USD
2026-07-01,7,2,Cloud PC Compute,193,20.6119,3978.1,USD
2026-07-01,7,2,Cloud PC Storage,193,7.8477,1514.62,USD
2026-07-01,7,2,NAT Gateway,1930,0.042,81.13,USD
2026-07-01,7,2,Monitoring / Exoprise,193,2.218,428.08,USD
2026-07-01,7,2,Mac Management,22,5.9019,129.84,USD
2026-07-01,7,3,Windows 365 License,186,72.3604,13459.03,USD
2026-07-01,7,3,Cloud PC Compute,186,20.6048,3832.5,USD
2026-07-01,7,3,Cloud PC Storage,186,7.0276,1307.13,USD
2026-07-01,7,3,NAT Gateway,5642,0.0501,282.74,USD
2026-07-01,7,3,Monitoring / Exoprise,186,2.1793,405.36,USD
2026-07-01,7,3,Mac Management,20,5.7078,114.16,USD
2026-07-01,7,4,Windows 365 License,196,72.5317,14216.2,USD
2026-07-01,7,4,Cloud PC Compute,196,20.7904,4074.92,USD
2026-07-01,7,4,Cloud PC Storage,196,8.1558,1598.54,USD
2026-07-01,7,4,NAT Gateway,4469,0.0402,179.7,USD
2026-07-01,7,4,Monitoring / Exoprise,196,2.3352,457.7,USD
2026-07-01,7,4,Mac Management,19,6.1929,117.66,USD
2026-07-01,7,5,Windows 365 License,165,69.5542,11476.44,USD
2026-07-01,7,5,Cloud PC Compute,165,19.2063,3169.04,USD
2026-07-01,7,5,Cloud PC Storage,165,7.2747,1200.33,USD
2026-07-01,7,5,NAT Gateway,6111,0.0469,286.77,USD
2026-07-01,7,5,Monitoring / Exoprise,165,2.3013,379.72,USD
2026-07-01,7,5,Mac Management,16,5.8188,93.1,USD
2026-07-01,7,6,Windows 365 License,195,70.1732,13683.78,USD
2026-07-01,7,6,Cloud PC Compute,195,21.602,4212.39,USD
2026-07-01,7,6,Cloud PC Storage,195,7.8815,1536.89,USD
2026-07-01,7,6,NAT Gateway,1025,0.0411,42.1,USD
2026-07-01,7,6,Monitoring / Exoprise,195,2.1587,420.95,USD
2026-07-01,7,6,Mac Management,23,5.9232,136.23,USD
2026-07-01,8,1,Windows 365 License,198,68.1163,13487.02,USD
2026-07-01,8,1,Cloud PC Compute,198,19.1948,3800.58,USD
2026-07-01,8,1,Cloud PC Storage,198,7.5208,1489.12,USD
2026-07-01,8,1,NAT Gateway,5323,0.0475,252.79,USD
2026-07-01,8,1,Monitoring / Exoprise,198,2.3049,456.37,USD
2026-07-01,8,1,Mac Management,18,5.949,107.08,USD
2026-07-01,8,2,Windows 365 License,216,72.5052,15661.12,USD
2026-07-01,8,2,Cloud PC Compute,216,18.5285,4002.15,USD
2026-07-01,8,2,Cloud PC Storage,216,6.8469,1478.93,USD
2026-07-01,8,2,NAT Gateway,4910,0.041,201.36,USD
2026-07-01,8,2,Monitoring / Exoprise,216,2.191,473.26,USD
2026-07-01,8,2,Mac Management,23,5.7825,133.0,USD
2026-07-01,8,3,Windows 365 License,187,75.1699,14056.77,USD
2026-07-01,8,3,Cloud PC Compute,187,18.4048,3441.69,USD
2026-07-01,8,3,Cloud PC Storage,187,7.3406,1372.69,USD
2026-07-01,8,3,NAT Gateway,2469,0.041,101.26,USD
2026-07-01,8,3,Monitoring / Exoprise,187,2.2577,422.19,USD
2026-07-01,8,3,Mac Management,24,6.0469,145.13,USD
2026-07-01,8,4,Windows 365 License,212,68.2164,14461.89,USD
2026-07-01,8,4,Cloud PC Compute,212,18.7469,3974.34,USD
2026-07-01,8,4,Cloud PC Storage,212,7.5362,1597.67,USD
2026-07-01,8,4,NAT Gateway,6530,0.0408,266.29,USD
2026-07-01,8,4,Monitoring / Exoprise,212,2.2473,476.44,USD
2026-07-01,8,4,Mac Management,20,5.9603,119.21,USD
2026-07-01,8,5,Windows 365 License,189,73.9996,13985.92,USD
2026-07-01,8,5,Cloud PC Compute,189,20.8858,3947.41,USD
2026-07-01,8,5,Cloud PC Storage,189,8.2313,1555.72,USD
2026-07-01,8,5,NAT Gateway,4335,0.0457,198.03,USD
2026-07-01,8,5,Monitoring / Exoprise,189,2.2761,430.18,USD
2026-07-01,8,5,Mac Management,26,6.0131,156.34,USD
2026-07-01,8,6,Windows 365 License,175,75.2877,13175.35,USD
2026-07-01,8,6,Cloud PC Compute,175,19.3993,3394.87,USD
2026-07-01,8,6,Cloud PC Storage,175,7.1119,1244.58,USD
2026-07-01,8,6,NAT Gateway,6117,0.0474,290.18,USD
2026-07-01,8,6,Monitoring / Exoprise,175,2.1901,383.26,USD
2026-07-01,8,6,Mac Management,16,6.0297,96.47,USD
2026-07-01,9,1,Windows 365 License,194,71.7753,13924.4,USD
2026-07-01,9,1,Cloud PC Compute,194,19.9091,3862.37,USD
2026-07-01,9,1,Cloud PC Storage,194,7.2896,1414.18,USD
2026-07-01,9,1,NAT Gateway,5381,0.0498,267.87,USD
2026-07-01,9,1,Monitoring / Exoprise,194,2.337,453.37,USD
2026-07-01,9,1,Mac Management,23,6.207,142.76,USD
2026-07-01,9,2,Windows 365 License,200,74.7881,14957.62,USD
2026-07-01,9,2,Cloud PC Compute,200,19.3286,3865.72,USD
2026-07-01,9,2,Cloud PC Storage,200,7.149,1429.81,USD
2026-07-01,9,2,NAT Gateway,6277,0.0423,265.51,USD
2026-07-01,9,2,Monitoring / Exoprise,200,2.2292,445.83,USD
2026-07-01,9,2,Mac Management,20,6.1128,122.26,USD
2026-07-01,9,3,Windows 365 License,206,73.6998,15182.16,USD
2026-07-01,9,3,Cloud PC Compute,206,18.4195,3794.42,USD
2026-07-01,9,3,Cloud PC Storage,206,7.6974,1585.67,USD
2026-07-01,9,3,NAT Gateway,2262,0.0411,93.03,USD
2026-07-01,9,3,Monitoring / Exoprise,206,2.2722,468.08,USD
2026-07-01,9,3,Mac Management,19,6.1848,117.51,USD
2026-07-01,9,4,Windows 365 License,194,75.6727,14680.49,USD
2026-07-01,9,4,Cloud PC Compute,194,18.3308,3556.17,USD
2026-07-01,9,4,Cloud PC Storage,194,7.3672,1429.23,USD
2026-07-01,9,4,NAT Gateway,2433,0.0421,102.5,USD
2026-07-01,9,4,Monitoring / Exoprise,194,2.1643,419.87,USD
2026-07-01,9,4,Mac Management,20,6.0285,120.57,USD
2026-07-01,9,5,Windows 365 License,201,69.9949,14068.98,USD
2026-07-01,9,5,Cloud PC Compute,201,18.1665,3651.46,USD
2026-07-01,9,5,Cloud PC Storage,201,7.5131,1510.13,USD
2026-07-01,9,5,NAT Gateway,2869,0.0499,143.1,USD
2026-07-01,9,5,Monitoring / Exoprise,201,2.1714,436.45,USD
2026-07-01,9,5,Mac Management,18,6.2353,112.24,USD
2026-07-01,9,6,Windows 365 License,208,72.8618,15155.26,USD
2026-07-01,9,6,Cloud PC Compute,208,19.4742,4050.64,USD
2026-07-01,9,6,Cloud PC Storage,208,6.9908,1454.08,USD
2026-07-01,9,6,NAT Gateway,4535,0.0475,215.5,USD
2026-07-01,9,6,Monitoring / Exoprise,208,2.3536,489.54,USD
2026-07-01,9,6,Mac Management,18,5.9664,107.39,USD
2026-07-01,10,1,Windows 365 License,195,76.1825,14855.59,USD
2026-07-01,10,1,Cloud PC Compute,195,18.7664,3659.45,USD
2026-07-01,10,1,Cloud PC Storage,195,6.8519,1336.12,USD
2026-07-01,10,1,NAT Gateway,3331,0.0462,154.02,USD
2026-07-01,10,1,Monitoring / Exoprise,195,2.1954,428.11,USD
2026-07-01,10,1,Mac Management,28,5.9725,167.23,USD
2026-07-01,10,2,Windows 365 License,186,73.5098,13672.83,USD
2026-07-01,10,2,Cloud PC Compute,186,19.8936,3700.22,USD
2026-07-01,10,2,Cloud PC Storage,186,7.9577,1480.14,USD
2026-07-01,10,2,NAT Gateway,3756,0.0477,179.33,USD
2026-07-01,10,2,Monitoring / Exoprise,186,2.1493,399.77,USD
2026-07-01,10,2,Mac Management,20,5.8974,117.95,USD
2026-07-01,10,3,Windows 365 License,208,74.5316,15502.58,USD
2026-07-01,10,3,Cloud PC Compute,208,21.6929,4512.13,USD
2026-07-01,10,3,Cloud PC Storage,208,7.0234,1460.87,USD
2026-07-01,10,3,NAT Gateway,5397,0.0429,231.6,USD
2026-07-01,10,3,Monitoring / Exoprise,208,2.2401,465.93,USD
2026-07-01,10,3,Mac Management,17,6.276,106.69,USD
2026-07-01,10,4,Windows 365 License,203,68.5907,13923.91,USD
2026-07-01,10,4,Cloud PC Compute,203,21.3817,4340.48,USD
2026-07-01,10,4,Cloud PC Storage,203,8.1733,1659.18,USD
2026-07-01,10,4,NAT Gateway,6122,0.0438,268.02,USD
2026-07-01,10,4,Monitoring / Exoprise,203,2.1943,445.44,USD
2026-07-01,10,4,Mac Management,28,6.2757,175.72,USD
2026-07-01,10,5,Windows 365 License,213,72.2826,15396.2,USD
2026-07-01,10,5,Cloud PC Compute,213,19.4774,4148.7,USD
2026-07-01,10,5,Cloud PC Storage,213,7.0969,1511.63,USD
2026-07-01,10,5,NAT Gateway,6335,0.0407,257.8,USD
2026-07-01,10,5,Monitoring / Exoprise,213,2.2098,470.69,USD
2026-07-01,10,5,Mac Management,20,6.1278,122.56,USD
2026-07-01,10,6,Windows 365 License,219,69.3054,15177.88,USD
2026-07-01,10,6,Cloud PC Compute,219,18.0289,3948.33,USD
2026-07-01,10,6,Cloud PC Storage,219,7.5696,1657.75,USD
2026-07-01,10,6,NAT Gateway,5507,0.0397,218.51,USD
2026-07-01,10,6,Monitoring / Exoprise,219,2.1568,472.34,USD
2026-07-01,10,6,Mac Management,18,6.2267,112.08,USD
2026-07-01,11,1,Windows 365 License,187,68.0774,12730.47,USD
2026-07-01,11,1,Cloud PC Compute,187,21.2802,3979.41,USD
2026-07-01,11,1,Cloud PC Storage,187,6.7673,1265.49,USD
2026-07-01,11,1,NAT Gateway,3189,0.0434,138.38,USD
2026-07-01,11,1,Monitoring / Exoprise,187,2.2549,421.66,USD
2026-07-01,11,1,Mac Management,18,5.7342,103.22,USD
2026-07-01,11,2,Windows 365 License,201,68.4785,13764.18,USD
2026-07-01,11,2,Cloud PC Compute,201,21.9624,4414.44,USD
2026-07-01,11,2,Cloud PC Storage,201,7.2869,1464.66,USD
2026-07-01,11,2,NAT Gateway,4685,0.0501,234.89,USD
2026-07-01,11,2,Monitoring / Exoprise,201,2.3403,470.4,USD
2026-07-01,11,2,Mac Management,25,5.816,145.4,USD
2026-07-01,11,3,Windows 365 License,206,69.6304,14343.86,USD
2026-07-01,11,3,Cloud PC Compute,206,18.1919,3747.53,USD
2026-07-01,11,3,Cloud PC Storage,206,7.2584,1495.23,USD
2026-07-01,11,3,NAT Gateway,1780,0.0495,88.15,USD
2026-07-01,11,3,Monitoring / Exoprise,206,2.3092,475.71,USD
2026-07-01,11,3,Mac Management,23,5.983,137.61,USD
2026-07-01,11,4,Windows 365 License,192,75.8649,14566.07,USD
2026-07-01,11,4,Cloud PC Compute,192,21.1366,4058.23,USD
2026-07-01,11,4,Cloud PC Storage,192,6.7681,1299.48,USD
2026-07-01,11,4,NAT Gateway,4294,0.0484,207.9,USD
2026-07-01,11,4,Monitoring / Exoprise,192,2.2403,430.15,USD
2026-07-01,11,4,Mac Management,18,6.2976,113.36,USD
2026-07-01,11,5,Windows 365 License,209,74.185,15504.66,USD
2026-07-01,11,5,Cloud PC Compute,209,20.1357,4208.36,USD
2026-07-01,11,5,Cloud PC Storage,209,8.2463,1723.48,USD
2026-07-01,11,5,NAT Gateway,5407,0.0401,216.91,USD
2026-07-01,11,5,Monitoring / Exoprise,209,2.2181,463.59,USD
2026-07-01,11,5,Mac Management,20,5.7914,115.83,USD
2026-07-01,11,6,Windows 365 License,185,71.5985,13245.72,USD
2026-07-01,11,6,Cloud PC Compute,185,21.2696,3934.88,USD
2026-07-01,11,6,Cloud PC Storage,185,7.6915,1422.93,USD
2026-07-01,11,6,NAT Gateway,6797,0.0443,301.36,USD
2026-07-01,11,6,Monitoring / Exoprise,185,2.2523,416.67,USD
2026-07-01,11,6,Mac Management,21,6.2428,131.1,USD
2026-07-01,12,1,Windows 365 License,206,67.7727,13961.19,USD
2026-07-01,12,1,Cloud PC Compute,206,21.4952,4428.01,USD
2026-07-01,12,1,Cloud PC Storage,206,7.1119,1465.06,USD
2026-07-01,12,1,NAT Gateway,5326,0.0441,234.63,USD
2026-07-01,12,1,Monitoring / Exoprise,206,2.2468,462.84,USD
2026-07-01,12,1,Mac Management,16,5.8213,93.14,USD
2026-07-01,12,2,Windows 365 License,197,73.5949,14498.19,USD
2026-07-01,12,2,Cloud PC Compute,197,19.7285,3886.51,USD
2026-07-01,12,2,Cloud PC Storage,197,6.8875,1356.85,USD
2026-07-01,12,2,NAT Gateway,3546,0.0468,165.96,USD
2026-07-01,12,2,Monitoring / Exoprise,197,2.2863,450.4,USD
2026-07-01,12,2,Mac Management,17,5.8477,99.41,USD
2026-07-01,12,3,Windows 365 License,163,71.3689,11633.13,USD
2026-07-01,12,3,Cloud PC Compute,163,18.2924,2981.66,USD
2026-07-01,12,3,Cloud PC Storage,163,7.9681,1298.8,USD
2026-07-01,12,3,NAT Gateway,5065,0.0409,206.99,USD
2026-07-01,12,3,Monitoring / Exoprise,163,2.3376,381.02,USD
2026-07-01,12,3,Mac Management,14,5.8677,82.15,USD
2026-07-01,12,4,Windows 365 License,193,68.7503,13268.8,USD
2026-07-01,12,4,Cloud PC Compute,193,21.9313,4232.74,USD
2026-07-01,12,4,Cloud PC Storage,193,7.5713,1461.27,USD
2026-07-01,12,4,NAT Gateway,3595,0.048,172.68,USD
2026-07-01,12,4,Monitoring / Exoprise,193,2.1506,415.06,USD
2026-07-01,12,4,Mac Management,26,5.7149,148.59,USD
2026-07-01,12,5,Windows 365 License,181,74.9899,13573.18,USD
2026-07-01,12,5,Cloud PC Compute,181,18.5485,3357.27,USD
2026-07-01,12,5,Cloud PC Storage,181,7.6795,1390.0,USD
2026-07-01,12,5,NAT Gateway,6383,0.0433,276.48,USD
2026-07-01,12,5,Monitoring / Exoprise,181,2.1838,395.28,USD
2026-07-01,12,5,Mac Management,14,5.8673,82.14,USD
2026-07-01,12,6,Windows 365 License,198,68.8661,13635.49,USD
2026-07-01,12,6,Cloud PC Compute,198,21.0064,4159.28,USD
2026-07-01,12,6,Cloud PC Storage,198,7.8544,1555.17,USD
2026-07-01,12,6,NAT Gateway,925,0.0417,38.53,USD
2026-07-01,12,6,Monitoring / Exoprise,198,2.2964,454.68,USD
2026-07-01,12,6,Mac Management,21,5.9698,125.37,USD
