DeviceID,DeviceName,Platform,PlatformID,OSVersion,Model,Serial,Owner,RegionID,BusinessUnitID,ManagedBy,LifecycleStatus,PurchaseDate,OnboardDate,LastSeenDate,EOLDate,CostCenter
DEV-00001,MAC-00001,macOS,P02,15.4,MacBook Pro 14,SN00000001,user0303@example.com,R01,BU03,JAMF,Active,2021-10-13,2021-11-06,2026-06-27,2026-10-12,CC-154
DEV-00002,WIN-00002,Windows,P01,23H2,Lenovo ThinkPad T14,SN00000002,user0333@example.com,R01,BU02,Intune,Active,2024-05-17,2024-05-18,2026-04-30,2029-05-16,CC-189
DEV-00003,WIN-00003,Windows,P01,23H2,Lenovo ThinkPad T14,SN00000003,user0217@example.com,R02,BU04,Intune,Active,2025-07-16,2025-08-13,2026-07-10,2030-07-15,CC-143
DEV-00004,WIN-00004,Windows,P01,24H2,Lenovo ThinkPad T14,SN00000004,user0136@example.com,R02,BU03,Intune,Active,2023-02-18,2023-02-22,2026-05-26,2028-02-17,CC-105
DEV-00005,MAC-00005,macOS,P02,15.1,MacBook Air 15,SN00000005,user0296@example.com,R05,BU01,JAMF,In Stock,2023-02-15,2023-02-18,2026-05-01,2028-02-14,CC-124
DEV-00006,MAC-00006,macOS,P02,14.7,MacBook Air 15,SN00000006,user0143@example.com,R01,BU02,JAMF,Active,2021-06-13,2021-07-11,2026-06-11,2026-06-12,CC-158
DEV-00007,MAC-00007,macOS,P02,15.4,MacBook Pro 14,SN00000007,user0312@example.com,R03,BU02,JAMF,Active,2022-03-06,2022-03-28,2026-06-06,2027-03-05,CC-181
DEV-00008,WIN-00008,Windows,P01,23H2,Lenovo ThinkPad T14,SN00000008,user0167@example.com,R06,BU02,Intune,Active,2023-02-17,2023-02-26,2026-04-20,2028-02-16,CC-198
DEV-00009,MAC-00009,macOS,P02,14.7,MacBook Air 15,SN00000009,user0109@example.com,R02,BU01,JAMF,Active,2023-04-02,2023-04-11,2026-07-02,2028-03-31,CC-183
DEV-00010,WIN-00010,Windows,P01,24H2,Lenovo ThinkPad T14,SN00000010,user0300@example.com,R06,BU04,Intune,Active,2021-10-13,2021-10-21,2026-04-30,2026-10-12,CC-154
DEV-00011,IOS-00011,iOS,P03,18.5,iPhone 16,SN00000011,user0057@example.com,R04,BU03,MDM,Active,2021-10-11,2021-10-28,2026-05-08,2026-10-10,CC-119
DEV-00012,MAC-00012,macOS,P02,15.1,MacBook Air 15,SN00000012,user0284@example.com,R06,BU04,JAMF,Active,2023-02-28,2023-03-13,2026-04-25,2028-02-27,CC-101
DEV-00013,MAC-00013,macOS,P02,14.7,MacBook Air 15,SN00000013,user0223@example.com,R01,BU05,JAMF,Active,2025-04-24,2025-05-15,2026-05-28,2030-04-23,CC-120
DEV-00014,WIN-00014,Windows,P01,23H2,Lenovo ThinkPad T14,SN00000014,user0153@example.com,R06,BU03,Intune,In Stock,2025-04-10,2025-04-16,2026-05-07,2030-04-09,CC-181
DEV-00015,WIN-00015,Windows,P01,23H2,Lenovo ThinkPad T14,SN00000015,user0166@example.com,R02,BU02,Intune,Active,2021-11-27,2021-12-15,2026-05-04,2026-11-26,CC-162
DEV-00016,WIN-00016,Windows,P01,23H2,Dell Latitude 7450,SN00000016,user0375@example.com,R03,BU03,Intune,Active,2022-05-09,2022-06-07,2026-04-29,2027-05-08,CC-162
DEV-00017,IOS-00017,iOS,P03,19.0,iPhone 15,SN00000017,user0109@example.com,R05,BU02,MDM,Active,2023-09-01,2023-09-19,2026-06-19,2028-08-30,CC-169
DEV-00018,MAC-00018,macOS,P02,15.1,MacBook Air 15,SN00000018,user0265@example.com,R06,BU02,JAMF,Active,2023-03-29,2023-04-20,2026-04-18,2028-03-27,CC-157
DEV-00019,WIN-00019,Windows,P01,23H2,Dell Latitude 7450,SN00000019,user0037@example.com,R02,BU01,Intune,Active,2024-04-19,2024-05-07,2026-06-11,2029-04-18,CC-190
DEV-00020,MAC-00020,macOS,P02,15.4,MacBook Pro 14,SN00000020,user0143@example.com,R02,BU01,JAMF,Disposed,2025-10-27,2025-11-07,2026-07-01,2030-10-26,CC-185
DEV-00021,WIN-00021,Windows,P01,23H2,HP EliteBook 840,SN00000021,user0209@example.com,R05,BU02,Intune,Active,2024-03-15,2024-04-03,2026-05-11,2029-03-14,CC-124
DEV-00022,WIN-00022,Windows,P01,23H2,Dell Latitude 7450,SN00000022,user0207@example.com,R06,BU04,Intune,Active,2023-04-22,2023-05-07,2026-07-04,2028-04-20,CC-193
DEV-00023,WIN-00023,Windows,P01,24H2,Dell Latitude 7450,SN00000023,user0143@example.com,R01,BU02,Intune,Active,2024-01-04,2024-01-19,2026-06-23,2029-01-02,CC-159
DEV-00024,WIN-00024,Windows,P01,23H2,Lenovo ThinkPad T14,SN00000024,user0277@example.com,R01,BU04,Intune,Active,2025-10-20,2025-11-07,2026-06-28,2030-10-19,CC-101
DEV-00025,AND-00025,Android,P04,15,Samsung Galaxy S25,SN00000025,user0195@example.com,R02,BU02,MDM,Active,2023-09-13,2023-09-20,2026-05-20,2028-09-11,CC-100
DEV-00026,AND-00026,Android,P04,16,Samsung Galaxy S25,SN00000026,user0098@example.com,R03,BU04,MDM,Active,2024-11-27,2024-12-21,2026-04-30,2029-11-26,CC-137
DEV-00027,WIN-00027,Windows,P01,23H2,Dell Latitude 7450,SN00000027,user0300@example.com,R01,BU05,Intune,Active,2021-05-05,2021-05-29,2026-05-31,2026-05-04,CC-161
DEV-00028,WIN-00028,Windows,P01,23H2,Lenovo ThinkPad T14,SN00000028,user0035@example.com,R05,BU02,Intune,Active,2023-11-07,2023-11-10,2026-06-17,2028-11-05,CC-186
DEV-00029,IOS-00029,iOS,P03,18.5,iPhone 16,SN00000029,user0215@example.com,R04,BU01,MDM,Disposed,2024-03-12,2024-03-20,2026-04-27,2029-03-11,CC-184
DEV-00030,MAC-00030,macOS,P02,14.7,MacBook Air 15,SN00000030,user0203@example.com,R05,BU03,JAMF,Disposed,2022-02-23,2022-03-17,2026-05-31,2027-02-22,CC-116
DEV-00031,MAC-00031,macOS,P02,14.7,MacBook Air 15,SN00000031,user0319@example.com,R03,BU04,JAMF,Active,2025-03-20,2025-04-19,2026-07-01,2030-03-19,CC-172
DEV-00032,AND-00032,Android,P04,15,Samsung Galaxy S25,SN00000032,user0190@example.com,R01,BU05,MDM,Active,2022-06-28,2022-07-03,2026-05-27,2027-06-27,CC-136
DEV-00033,WIN-00033,Windows,P01,23H2,Lenovo ThinkPad T14,SN00000033,user0284@example.com,R05,BU03,Intune,Active,2025-07-11,2025-08-01,2026-05-04,2030-07-10,CC-138
DEV-00034,AND-00034,Android,P04,15,Google Pixel 10,SN00000034,user0145@example.com,R01,BU02,MDM,Active,2021-08-08,2021-09-01,2026-05-01,2026-08-07,CC-177
DEV-00035,WIN-00035,Windows,P01,24H2,HP EliteBook 840,SN00000035,user0027@example.com,R03,BU02,Intune,Active,2025-10-13,2025-10-22,2026-05-07,2030-10-12,CC-111
DEV-00036,MAC-00036,macOS,P02,15.1,MacBook Pro 14,SN00000036,user0380@example.com,R03,BU01,JAMF,Active,2025-04-29,2025-05-04,2026-04-20,2030-04-28,CC-156
DEV-00037,WIN-00037,Windows,P01,23H2,Lenovo ThinkPad T14,SN00000037,user0019@example.com,R04,BU05,Intune,Active,2021-06-04,2021-07-03,2026-04-13,2026-06-03,CC-147
DEV-00038,MAC-00038,macOS,P02,15.1,MacBook Pro 14,SN00000038,user0350@example.com,R02,BU04,JAMF,Active,2022-09-24,2022-10-06,2026-07-05,2027-09-23,CC-131
DEV-00039,MAC-00039,macOS,P02,14.7,MacBook Pro 14,SN00000039,user0091@example.com,R03,BU05,JAMF,Lost/Stolen,2023-04-13,2023-05-03,2026-06-21,2028-04-11,CC-152
DEV-00040,WIN-00040,Windows,P01,23H2,HP EliteBook 840,SN00000040,user0082@example.com,R06,BU03,Intune,Active,2023-04-24,2023-05-20,2026-04-16,2028-04-22,CC-189
DEV-00041,WIN-00041,Windows,P01,24H2,HP EliteBook 840,SN00000041,user0117@example.com,R01,BU04,Intune,Active,2025-07-31,2025-08-30,2026-05-13,2030-07-30,CC-128
DEV-00042,WIN-00042,Windows,P01,24H2,Lenovo ThinkPad T14,SN00000042,user0261@example.com,R02,BU04,Intune,Active,2025-11-06,2025-11-09,2026-06-05,2030-11-05,CC-151
DEV-00043,MAC-00043,macOS,P02,14.7,MacBook Air 15,SN00000043,user0020@example.com,R05,BU03,JAMF,Disposed,2021-08-25,2021-09-23,2026-06-07,2026-08-24,CC-113
DEV-00044,MAC-00044,macOS,P02,15.4,MacBook Pro 14,SN00000044,user0131@example.com,R03,BU03,JAMF,Active,2023-11-14,2023-11-18,2026-05-22,2028-11-12,CC-105
DEV-00045,MAC-00045,macOS,P02,14.7,MacBook Air 15,SN00000045,user0221@example.com,R01,BU05,JAMF,Disposed,2024-01-08,2024-01-30,2026-04-16,2029-01-06,CC-108
DEV-00046,AND-00046,Android,P04,16,Google Pixel 10,SN00000046,user0168@example.com,R03,BU05,MDM,Active,2025-10-03,2025-10-07,2026-06-02,2030-10-02,CC-151
DEV-00047,MAC-00047,macOS,P02,15.4,MacBook Pro 14,SN00000047,user0316@example.com,R05,BU02,JAMF,Active,2024-09-23,2024-10-06,2026-04-15,2029-09-22,CC-172
DEV-00048,WIN-00048,Windows,P01,24H2,HP EliteBook 840,SN00000048,user0227@example.com,R05,BU01,Intune,Active,2022-03-07,2022-03-21,2026-04-27,2027-03-06,CC-156
DEV-00049,MAC-00049,macOS,P02,15.4,MacBook Pro 14,SN00000049,user0146@example.com,R05,BU04,JAMF,Active,2025-06-19,2025-07-13,2026-06-19,2030-06-18,CC-165
DEV-00050,MAC-00050,macOS,P02,15.1,MacBook Pro 14,SN00000050,user0102@example.com,R05,BU03,JAMF,Active,2025-03-19,2025-03-27,2026-04-15,2030-03-18,CC-118
DEV-00051,WIN-00051,Windows,P01,24H2,Lenovo ThinkPad T14,SN00000051,user0295@example.com,R02,BU04,Intune,Active,2025-04-23,2025-04-26,2026-05-13,2030-04-22,CC-124
DEV-00052,MAC-00052,macOS,P02,14.7,MacBook Pro 14,SN00000052,user0399@example.com,R04,BU04,JAMF,Active,2021-10-30,2021-11-20,2026-04-13,2026-10-29,CC-154
DEV-00053,WIN-00053,Windows,P01,24H2,Dell Latitude 7450,SN00000053,user0238@example.com,R06,BU05,Intune,Active,2024-02-16,2024-02-24,2026-06-25,2029-02-14,CC-185
DEV-00054,WIN-00054,Windows,P01,24H2,Lenovo ThinkPad T14,SN00000054,user0229@example.com,R05,BU05,Intune,Active,2025-03-27,2025-04-25,2026-05-15,2030-03-26,CC-120
DEV-00055,MAC-00055,macOS,P02,15.1,MacBook Air 15,SN00000055,user0321@example.com,R04,BU04,JAMF,Active,2022-05-22,2022-06-18,2026-04-20,2027-05-21,CC-130
DEV-00056,WIN-00056,Windows,P01,23H2,Dell Latitude 7450,SN00000056,user0078@example.com,R01,BU03,Intune,Active,2022-11-19,2022-11-30,2026-05-02,2027-11-18,CC-129
DEV-00057,WIN-00057,Windows,P01,24H2,HP EliteBook 840,SN00000057,user0032@example.com,R02,BU02,Intune,Active,2023-04-15,2023-04-26,2026-05-02,2028-04-13,CC-126
DEV-00058,IOS-00058,iOS,P03,19.0,iPhone 15,SN00000058,user0004@example.com,R04,BU05,MDM,Disposed,2021-02-10,2021-03-10,2026-04-28,2026-02-09,CC-145
DEV-00059,WIN-00059,Windows,P01,23H2,HP EliteBook 840,SN00000059,user0113@example.com,R04,BU04,Intune,Active,2025-02-13,2025-03-03,2026-04-24,2030-02-12,CC-134
DEV-00060,WIN-00060,Windows,P01,23H2,HP EliteBook 840,SN00000060,user0066@example.com,R01,BU04,Intune,Active,2024-10-22,2024-11-17,2026-05-20,2029-10-21,CC-179
DEV-00061,WIN-00061,Windows,P01,24H2,Dell Latitude 7450,SN00000061,user0237@example.com,R04,BU05,Intune,Active,2021-02-25,2021-02-28,2026-04-19,2026-02-24,CC-123
DEV-00062,WIN-00062,Windows,P01,24H2,HP EliteBook 840,SN00000062,user0130@example.com,R04,BU03,Intune,Active,2022-11-01,2022-11-12,2026-05-23,2027-10-31,CC-110
DEV-00063,WIN-00063,Windows,P01,23H2,Lenovo ThinkPad T14,SN00000063,user0021@example.com,R06,BU05,Intune,Active,2022-12-18,2022-12-26,2026-04-18,2027-12-17,CC-196
DEV-00064,WIN-00064,Windows,P01,23H2,HP EliteBook 840,SN00000064,user0343@example.com,R02,BU02,Intune,Active,2024-06-26,2024-07-01,2026-06-10,2029-06-25,CC-114
DEV-00065,WIN-00065,Windows,P01,23H2,Dell Latitude 7450,SN00000065,user0160@example.com,R02,BU04,Intune,Active,2025-04-20,2025-05-02,2026-06-19,2030-04-19,CC-113
DEV-00066,WIN-00066,Windows,P01,23H2,Lenovo ThinkPad T14,SN00000066,user0354@example.com,R03,BU05,Intune,Active,2023-02-08,2023-02-21,2026-06-15,2028-02-07,CC-180
DEV-00067,WIN-00067,Windows,P01,23H2,HP EliteBook 840,SN00000067,user0273@example.com,R06,BU03,Intune,Active,2024-05-14,2024-06-09,2026-06-25,2029-05-13,CC-154
DEV-00068,MAC-00068,macOS,P02,15.1,MacBook Pro 14,SN00000068,user0222@example.com,R01,BU05,JAMF,Active,2021-01-26,2021-02-23,2026-05-18,2026-01-25,CC-146
DEV-00069,MAC-00069,macOS,P02,15.1,MacBook Air 15,SN00000069,user0239@example.com,R04,BU02,JAMF,Active,2025-02-11,2025-02-28,2026-04-18,2030-02-10,CC-155
DEV-00070,IOS-00070,iOS,P03,19.0,iPhone 15,SN00000070,user0125@example.com,R05,BU03,MDM,Active,2022-05-18,2022-06-14,2026-06-29,2027-05-17,CC-196
DEV-00071,WIN-00071,Windows,P01,23H2,HP EliteBook 840,SN00000071,user0109@example.com,R05,BU04,Intune,Active,2023-10-10,2023-11-07,2026-05-30,2028-10-08,CC-145
DEV-00072,MAC-00072,macOS,P02,15.4,MacBook Pro 14,SN00000072,user0265@example.com,R03,BU03,JAMF,Lost/Stolen,2024-12-07,2025-01-05,2026-06-05,2029-12-06,CC-124
DEV-00073,WIN-00073,Windows,P01,24H2,Lenovo ThinkPad T14,SN00000073,user0365@example.com,R06,BU04,Intune,Active,2025-04-02,2025-04-10,2026-04-13,2030-04-01,CC-162
DEV-00074,WIN-00074,Windows,P01,24H2,Lenovo ThinkPad T14,SN00000074,user0298@example.com,R01,BU01,Intune,Active,2023-04-09,2023-05-02,2026-06-09,2028-04-07,CC-147
DEV-00075,WIN-00075,Windows,P01,24H2,Lenovo ThinkPad T14,SN00000075,user0233@example.com,R05,BU03,Intune,Active,2025-03-08,2025-03-26,2026-05-29,2030-03-07,CC-134
DEV-00076,WIN-00076,Windows,P01,23H2,Dell Latitude 7450,SN00000076,user0111@example.com,R02,BU01,Intune,Active,2022-10-09,2022-10-13,2026-05-03,2027-10-08,CC-194
DEV-00077,WIN-00077,Windows,P01,23H2,Dell Latitude 7450,SN00000077,user0152@example.com,R06,BU05,Intune,In Stock,2023-12-11,2023-12-31,2026-06-04,2028-12-09,CC-129
DEV-00078,WIN-00078,Windows,P01,23H2,Lenovo ThinkPad T14,SN00000078,user0150@example.com,R03,BU01,Intune,Active,2021-09-17,2021-09-26,2026-07-05,2026-09-16,CC-189
DEV-00079,AND-00079,Android,P04,16,Google Pixel 10,SN00000079,user0226@example.com,R06,BU04,MDM,Active,2021-01-26,2021-02-14,2026-06-04,2026-01-25,CC-143
DEV-00080,WIN-00080,Windows,P01,24H2,HP EliteBook 840,SN00000080,user0038@example.com,R01,BU03,Intune,Disposed,2023-09-06,2023-09-10,2026-07-02,2028-09-04,CC-173
DEV-00081,MAC-00081,macOS,P02,14.7,MacBook Pro 14,SN00000081,user0286@example.com,R01,BU02,JAMF,Active,2024-02-27,2024-03-08,2026-06-30,2029-02-25,CC-197
DEV-00082,WIN-00082,Windows,P01,24H2,HP EliteBook 840,SN00000082,user0302@example.com,R05,BU05,Intune,Active,2023-12-07,2023-12-20,2026-05-14,2028-12-05,CC-154
DEV-00083,WIN-00083,Windows,P01,23H2,HP EliteBook 840,SN00000083,user0339@example.com,R05,BU01,Intune,Active,2025-02-24,2025-02-28,2026-06-14,2030-02-23,CC-110
DEV-00084,WIN-00084,Windows,P01,24H2,HP EliteBook 840,SN00000084,user0017@example.com,R02,BU05,Intune,Active,2021-01-06,2021-01-20,2026-05-14,2026-01-05,CC-129
DEV-00085,WIN-00085,Windows,P01,23H2,HP EliteBook 840,SN00000085,user0059@example.com,R03,BU04,Intune,Active,2022-04-24,2022-05-24,2026-06-07,2027-04-23,CC-169
DEV-00086,WIN-00086,Windows,P01,24H2,Lenovo ThinkPad T14,SN00000086,user0384@example.com,R02,BU03,Intune,Active,2021-05-27,2021-05-29,2026-06-19,2026-05-26,CC-172
DEV-00087,AND-00087,Android,P04,16,Google Pixel 10,SN00000087,user0225@example.com,R04,BU01,MDM,Active,2022-09-15,2022-10-08,2026-05-20,2027-09-14,CC-110
DEV-00088,MAC-00088,macOS,P02,15.4,MacBook Pro 14,SN00000088,user0392@example.com,R04,BU03,JAMF,Active,2021-02-22,2021-02-25,2026-06-11,2026-02-21,CC-186
DEV-00089,IOS-00089,iOS,P03,19.0,iPhone 15,SN00000089,user0093@example.com,R05,BU01,MDM,Active,2021-12-25,2022-01-10,2026-05-05,2026-12-24,CC-174
DEV-00090,WIN-00090,Windows,P01,23H2,Dell Latitude 7450,SN00000090,user0169@example.com,R04,BU01,Intune,Active,2023-04-17,2023-04-28,2026-05-30,2028-04-15,CC-152
DEV-00091,MAC-00091,macOS,P02,14.7,MacBook Air 15,SN00000091,user0130@example.com,R03,BU04,JAMF,Active,2024-02-01,2024-02-03,2026-05-13,2029-01-30,CC-141
DEV-00092,WIN-00092,Windows,P01,24H2,HP EliteBook 840,SN00000092,user0028@example.com,R04,BU05,Intune,Active,2021-01-03,2021-01-25,2026-05-02,2026-01-02,CC-124
DEV-00093,WIN-00093,Windows,P01,24H2,Lenovo ThinkPad T14,SN00000093,user0068@example.com,R05,BU04,Intune,Active,2025-04-06,2025-04-08,2026-06-14,2030-04-05,CC-136
DEV-00094,WIN-00094,Windows,P01,23H2,HP EliteBook 840,SN00000094,user0283@example.com,R06,BU04,Intune,Active,2024-07-14,2024-08-03,2026-06-10,2029-07-13,CC-101
DEV-00095,WIN-00095,Windows,P01,23H2,HP EliteBook 840,SN00000095,user0367@example.com,R01,BU02,Intune,In Stock,2021-08-21,2021-09-05,2026-06-25,2026-08-20,CC-137
DEV-00096,WIN-00096,Windows,P01,23H2,HP EliteBook 840,SN00000096,user0098@example.com,R03,BU04,Intune,Active,2023-08-26,2023-09-03,2026-05-13,2028-08-24,CC-176
DEV-00097,WIN-00097,Windows,P01,24H2,Lenovo ThinkPad T14,SN00000097,user0137@example.com,R02,BU01,Intune,Active,2025-06-06,2025-07-04,2026-05-18,2030-06-05,CC-100
DEV-00098,WIN-00098,Windows,P01,24H2,Lenovo ThinkPad T14,SN00000098,user0248@example.com,R03,BU05,Intune,Active,2024-09-13,2024-09-29,2026-06-21,2029-09-12,CC-144
DEV-00099,WIN-00099,Windows,P01,23H2,Lenovo ThinkPad T14,SN00000099,user0197@example.com,R05,BU04,Intune,Active,2022-10-22,2022-11-19,2026-06-16,2027-10-21,CC-129
DEV-00100,IOS-00100,iOS,P03,19.0,iPhone 16,SN00000100,user0254@example.com,R04,BU01,MDM,Active,2023-08-27,2023-09-19,2026-05-23,2028-08-25,CC-104
DEV-00101,WIN-00101,Windows,P01,23H2,Lenovo ThinkPad T14,SN00000101,user0234@example.com,R05,BU03,Intune,Active,2025-11-26,2025-12-24,2026-05-15,2030-11-25,CC-101
DEV-00102,MAC-00102,macOS,P02,15.4,MacBook Air 15,SN00000102,user0333@example.com,R04,BU02,JAMF,Active,2025-05-20,2025-05-29,2026-05-28,2030-05-19,CC-110
DEV-00103,IOS-00103,iOS,P03,18.5,iPhone 16,SN00000103,user0121@example.com,R06,BU05,MDM,Active,2022-10-11,2022-11-01,2026-05-09,2027-10-10,CC-180
DEV-00104,MAC-00104,macOS,P02,15.4,MacBook Pro 14,SN00000104,user0228@example.com,R03,BU02,JAMF,Active,2023-06-08,2023-06-12,2026-04-20,2028-06-06,CC-121
DEV-00105,MAC-00105,macOS,P02,15.1,MacBook Air 15,SN00000105,user0075@example.com,R01,BU01,JAMF,Active,2021-04-25,2021-05-05,2026-05-26,2026-04-24,CC-131
DEV-00106,WIN-00106,Windows,P01,23H2,HP EliteBook 840,SN00000106,user0299@example.com,R05,BU02,Intune,Active,2021-06-11,2021-07-01,2026-05-23,2026-06-10,CC-118
DEV-00107,WIN-00107,Windows,P01,24H2,Lenovo ThinkPad T14,SN00000107,user0280@example.com,R06,BU03,Intune,Active,2024-09-27,2024-09-28,2026-05-12,2029-09-26,CC-120
DEV-00108,WIN-00108,Windows,P01,24H2,HP EliteBook 840,SN00000108,user0102@example.com,R03,BU05,Intune,Active,2023-05-19,2023-06-11,2026-06-08,2028-05-17,CC-149
DEV-00109,IOS-00109,iOS,P03,19.0,iPhone 16,SN00000109,user0338@example.com,R01,BU02,MDM,Active,2023-01-06,2023-01-25,2026-06-03,2028-01-05,CC-150
DEV-00110,WIN-00110,Windows,P01,23H2,Lenovo ThinkPad T14,SN00000110,user0181@example.com,R05,BU01,Intune,Disposed,2025-03-07,2025-03-23,2026-06-04,2030-03-06,CC-128
DEV-00111,MAC-00111,macOS,P02,15.4,MacBook Pro 14,SN00000111,user0322@example.com,R05,BU03,JAMF,Active,2025-01-16,2025-02-10,2026-04-17,2030-01-15,CC-112
DEV-00112,IOS-00112,iOS,P03,19.0,iPhone 16,SN00000112,user0047@example.com,R06,BU01,MDM,Active,2023-06-22,2023-06-24,2026-04-27,2028-06-20,CC-137
DEV-00113,WIN-00113,Windows,P01,24H2,Dell Latitude 7450,SN00000113,user0132@example.com,R04,BU02,Intune,Active,2025-05-30,2025-06-17,2026-05-25,2030-05-29,CC-161
DEV-00114,AND-00114,Android,P04,15,Google Pixel 10,SN00000114,user0286@example.com,R03,BU03,MDM,Active,2023-08-18,2023-08-21,2026-06-22,2028-08-16,CC-146
DEV-00115,WIN-00115,Windows,P01,24H2,Lenovo ThinkPad T14,SN00000115,user0196@example.com,R04,BU01,Intune,Active,2021-09-11,2021-09-26,2026-05-24,2026-09-10,CC-181
DEV-00116,AND-00116,Android,P04,16,Samsung Galaxy S25,SN00000116,user0332@example.com,R01,BU02,MDM,Active,2024-06-22,2024-07-21,2026-04-30,2029-06-21,CC-108
DEV-00117,MAC-00117,macOS,P02,14.7,MacBook Air 15,SN00000117,user0253@example.com,R04,BU03,JAMF,Active,2021-08-27,2021-09-01,2026-07-05,2026-08-26,CC-114
DEV-00118,WIN-00118,Windows,P01,24H2,Lenovo ThinkPad T14,SN00000118,user0381@example.com,R05,BU02,Intune,Active,2023-01-30,2023-02-21,2026-04-12,2028-01-29,CC-193
DEV-00119,WIN-00119,Windows,P01,23H2,Lenovo ThinkPad T14,SN00000119,user0190@example.com,R04,BU01,Intune,Active,2024-06-14,2024-06-28,2026-06-05,2029-06-13,CC-127
DEV-00120,WIN-00120,Windows,P01,24H2,Dell Latitude 7450,SN00000120,user0204@example.com,R02,BU03,Intune,Active,2024-11-05,2024-11-17,2026-05-02,2029-11-04,CC-135
DEV-00121,WIN-00121,Windows,P01,23H2,Dell Latitude 7450,SN00000121,user0171@example.com,R01,BU04,Intune,Active,2022-03-11,2022-04-01,2026-04-20,2027-03-10,CC-131
DEV-00122,AND-00122,Android,P04,15,Samsung Galaxy S25,SN00000122,user0169@example.com,R05,BU02,MDM,Active,2025-04-17,2025-05-05,2026-06-14,2030-04-16,CC-199
DEV-00123,WIN-00123,Windows,P01,24H2,Dell Latitude 7450,SN00000123,user0057@example.com,R05,BU01,Intune,Active,2021-10-24,2021-10-29,2026-05-02,2026-10-23,CC-184
DEV-00124,IOS-00124,iOS,P03,19.0,iPhone 16,SN00000124,user0090@example.com,R02,BU01,MDM,Active,2025-06-03,2025-06-11,2026-04-26,2030-06-02,CC-133
DEV-00125,WIN-00125,Windows,P01,24H2,HP EliteBook 840,SN00000125,user0263@example.com,R06,BU04,Intune,Active,2025-03-08,2025-03-11,2026-05-11,2030-03-07,CC-175
DEV-00126,WIN-00126,Windows,P01,24H2,HP EliteBook 840,SN00000126,user0330@example.com,R05,BU02,Intune,Disposed,2021-03-30,2021-04-23,2026-04-17,2026-03-29,CC-103
DEV-00127,WIN-00127,Windows,P01,23H2,Dell Latitude 7450,SN00000127,user0165@example.com,R04,BU04,Intune,Active,2021-08-10,2021-08-26,2026-05-15,2026-08-09,CC-177
DEV-00128,WIN-00128,Windows,P01,24H2,Lenovo ThinkPad T14,SN00000128,user0272@example.com,R02,BU03,Intune,Active,2024-04-13,2024-05-01,2026-05-30,2029-04-12,CC-137
DEV-00129,WIN-00129,Windows,P01,23H2,HP EliteBook 840,SN00000129,user0232@example.com,R05,BU04,Intune,Active,2024-12-08,2024-12-12,2026-04-18,2029-12-07,CC-129
DEV-00130,WIN-00130,Windows,P01,24H2,Lenovo ThinkPad T14,SN00000130,user0131@example.com,R04,BU04,Intune,Active,2021-07-14,2021-07-25,2026-05-17,2026-07-13,CC-147
DEV-00131,AND-00131,Android,P04,16,Samsung Galaxy S25,SN00000131,user0382@example.com,R06,BU04,MDM,Active,2025-08-31,2025-09-03,2026-06-29,2030-08-30,CC-194
DEV-00132,WIN-00132,Windows,P01,23H2,HP EliteBook 840,SN00000132,user0182@example.com,R02,BU05,Intune,Active,2024-02-25,2024-03-14,2026-05-29,2029-02-23,CC-185
DEV-00133,AND-00133,Android,P04,15,Samsung Galaxy S25,SN00000133,user0080@example.com,R04,BU01,MDM,In Stock,2024-05-14,2024-05-24,2026-05-26,2029-05-13,CC-184
DEV-00134,WIN-00134,Windows,P01,23H2,HP EliteBook 840,SN00000134,user0288@example.com,R01,BU03,Intune,Active,2023-01-23,2023-01-27,2026-06-05,2028-01-22,CC-198
DEV-00135,IOS-00135,iOS,P03,19.0,iPhone 16,SN00000135,user0093@example.com,R05,BU05,MDM,Active,2024-09-09,2024-10-06,2026-04-13,2029-09-08,CC-134
DEV-00136,MAC-00136,macOS,P02,15.4,MacBook Air 15,SN00000136,user0036@example.com,R03,BU03,JAMF,Active,2022-01-07,2022-02-04,2026-06-22,2027-01-06,CC-118
DEV-00137,MAC-00137,macOS,P02,15.1,MacBook Air 15,SN00000137,user0081@example.com,R01,BU01,JAMF,Active,2022-03-17,2022-03-30,2026-05-18,2027-03-16,CC-147
DEV-00138,WIN-00138,Windows,P01,23H2,Lenovo ThinkPad T14,SN00000138,user0042@example.com,R03,BU05,Intune,Active,2021-04-18,2021-04-23,2026-06-20,2026-04-17,CC-134
DEV-00139,WIN-00139,Windows,P01,23H2,HP EliteBook 840,SN00000139,user0221@example.com,R04,BU04,Intune,Active,2023-04-29,2023-05-08,2026-06-13,2028-04-27,CC-114
DEV-00140,WIN-00140,Windows,P01,23H2,HP EliteBook 840,SN00000140,user0307@example.com,R06,BU05,Intune,Active,2024-09-28,2024-10-08,2026-07-05,2029-09-27,CC-107
DEV-00141,WIN-00141,Windows,P01,24H2,Dell Latitude 7450,SN00000141,user0004@example.com,R03,BU02,Intune,Active,2025-04-15,2025-04-24,2026-06-03,2030-04-14,CC-163
DEV-00142,MAC-00142,macOS,P02,15.4,MacBook Air 15,SN00000142,user0037@example.com,R02,BU02,JAMF,Active,2024-12-12,2024-12-20,2026-05-07,2029-12-11,CC-150
DEV-00143,IOS-00143,iOS,P03,19.0,iPhone 15,SN00000143,user0364@example.com,R01,BU04,MDM,Active,2021-06-09,2021-07-07,2026-05-31,2026-06-08,CC-181
DEV-00144,WIN-00144,Windows,P01,24H2,Lenovo ThinkPad T14,SN00000144,user0186@example.com,R01,BU04,Intune,Active,2022-10-28,2022-11-03,2026-04-22,2027-10-27,CC-111
DEV-00145,WIN-00145,Windows,P01,24H2,HP EliteBook 840,SN00000145,user0382@example.com,R01,BU02,Intune,Active,2023-04-01,2023-04-18,2026-06-30,2028-03-30,CC-143
DEV-00146,WIN-00146,Windows,P01,23H2,HP EliteBook 840,SN00000146,user0180@example.com,R02,BU01,Intune,Active,2021-08-22,2021-09-08,2026-05-06,2026-08-21,CC-193
DEV-00147,AND-00147,Android,P04,15,Samsung Galaxy S25,SN00000147,user0390@example.com,R06,BU02,MDM,Active,2021-10-27,2021-11-05,2026-06-15,2026-10-26,CC-197
DEV-00148,MAC-00148,macOS,P02,15.1,MacBook Air 15,SN00000148,user0322@example.com,R02,BU04,JAMF,Active,2024-02-29,2024-03-25,2026-04-27,2029-02-27,CC-140
DEV-00149,WIN-00149,Windows,P01,23H2,HP EliteBook 840,SN00000149,user0260@example.com,R01,BU04,Intune,Active,2022-09-13,2022-10-09,2026-06-05,2027-09-12,CC-109
DEV-00150,WIN-00150,Windows,P01,23H2,Lenovo ThinkPad T14,SN00000150,user0305@example.com,R04,BU01,Intune,Active,2025-08-31,2025-09-10,2026-07-01,2030-08-30,CC-164
DEV-00151,WIN-00151,Windows,P01,24H2,Lenovo ThinkPad T14,SN00000151,user0334@example.com,R05,BU05,Intune,In Stock,2025-02-22,2025-03-23,2026-07-05,2030-02-21,CC-124
DEV-00152,WIN-00152,Windows,P01,24H2,Lenovo ThinkPad T14,SN00000152,user0044@example.com,R04,BU05,Intune,Active,2021-05-07,2021-05-22,2026-06-27,2026-05-06,CC-164
DEV-00153,MAC-00153,macOS,P02,15.4,MacBook Pro 14,SN00000153,user0187@example.com,R01,BU02,JAMF,Active,2023-06-19,2023-07-06,2026-05-05,2028-06-17,CC-147
DEV-00154,IOS-00154,iOS,P03,19.0,iPhone 16,SN00000154,user0169@example.com,R04,BU04,MDM,Active,2024-10-22,2024-11-11,2026-07-04,2029-10-21,CC-112
DEV-00155,WIN-00155,Windows,P01,23H2,HP EliteBook 840,SN00000155,user0042@example.com,R04,BU03,Intune,Active,2025-10-11,2025-11-02,2026-04-24,2030-10-10,CC-174
DEV-00156,MAC-00156,macOS,P02,14.7,MacBook Pro 14,SN00000156,user0159@example.com,R03,BU03,JAMF,In Stock,2024-12-01,2024-12-23,2026-05-21,2029-11-30,CC-171
DEV-00157,WIN-00157,Windows,P01,23H2,Lenovo ThinkPad T14,SN00000157,user0344@example.com,R03,BU02,Intune,Active,2025-08-25,2025-09-18,2026-04-14,2030-08-24,CC-154
DEV-00158,WIN-00158,Windows,P01,23H2,Dell Latitude 7450,SN00000158,user0071@example.com,R01,BU03,Intune,Active,2022-03-15,2022-03-26,2026-05-09,2027-03-14,CC-119
DEV-00159,WIN-00159,Windows,P01,23H2,Lenovo ThinkPad T14,SN00000159,user0173@example.com,R01,BU05,Intune,Active,2025-09-07,2025-10-01,2026-05-04,2030-09-06,CC-198
DEV-00160,MAC-00160,macOS,P02,15.4,MacBook Pro 14,SN00000160,user0370@example.com,R05,BU04,JAMF,Active,2022-01-06,2022-02-02,2026-04-13,2027-01-05,CC-156
DEV-00161,WIN-00161,Windows,P01,23H2,Lenovo ThinkPad T14,SN00000161,user0123@example.com,R03,BU02,Intune,In Stock,2024-06-04,2024-06-14,2026-05-14,2029-06-03,CC-139
DEV-00162,AND-00162,Android,P04,16,Google Pixel 10,SN00000162,user0258@example.com,R04,BU02,MDM,Active,2024-03-14,2024-03-29,2026-05-12,2029-03-13,CC-167
DEV-00163,WIN-00163,Windows,P01,23H2,Lenovo ThinkPad T14,SN00000163,user0247@example.com,R02,BU02,Intune,Active,2021-10-11,2021-11-08,2026-06-08,2026-10-10,CC-147
DEV-00164,WIN-00164,Windows,P01,24H2,HP EliteBook 840,SN00000164,user0263@example.com,R01,BU05,Intune,Active,2022-08-07,2022-08-10,2026-06-20,2027-08-06,CC-118
DEV-00165,IOS-00165,iOS,P03,19.0,iPhone 16,SN00000165,user0203@example.com,R01,BU02,MDM,Active,2022-12-17,2023-01-16,2026-07-07,2027-12-16,CC-164
DEV-00166,WIN-00166,Windows,P01,24H2,Dell Latitude 7450,SN00000166,user0071@example.com,R04,BU01,Intune,Active,2021-02-27,2021-03-10,2026-06-28,2026-02-26,CC-104
DEV-00167,WIN-00167,Windows,P01,23H2,Dell Latitude 7450,SN00000167,user0010@example.com,R04,BU02,Intune,Active,2023-08-19,2023-09-03,2026-04-23,2028-08-17,CC-132
DEV-00168,WIN-00168,Windows,P01,23H2,HP EliteBook 840,SN00000168,user0122@example.com,R02,BU05,Intune,Disposed,2024-05-31,2024-06-17,2026-05-17,2029-05-30,CC-138
DEV-00169,WIN-00169,Windows,P01,23H2,HP EliteBook 840,SN00000169,user0306@example.com,R02,BU04,Intune,Active,2024-06-29,2024-07-14,2026-07-02,2029-06-28,CC-168
DEV-00170,WIN-00170,Windows,P01,23H2,Lenovo ThinkPad T14,SN00000170,user0181@example.com,R05,BU05,Intune,Active,2021-10-22,2021-11-01,2026-05-17,2026-10-21,CC-130
DEV-00171,WIN-00171,Windows,P01,23H2,HP EliteBook 840,SN00000171,user0241@example.com,R02,BU01,Intune,Active,2023-01-09,2023-01-12,2026-05-04,2028-01-08,CC-105
DEV-00172,MAC-00172,macOS,P02,15.1,MacBook Pro 14,SN00000172,user0376@example.com,R03,BU03,JAMF,Active,2023-01-02,2023-01-28,2026-07-02,2028-01-01,CC-184
DEV-00173,MAC-00173,macOS,P02,15.4,MacBook Pro 14,SN00000173,user0399@example.com,R05,BU03,JAMF,Active,2022-12-23,2023-01-10,2026-05-28,2027-12-22,CC-187
DEV-00174,WIN-00174,Windows,P01,24H2,Dell Latitude 7450,SN00000174,user0151@example.com,R06,BU04,Intune,Active,2025-07-20,2025-07-25,2026-07-02,2030-07-19,CC-125
DEV-00175,WIN-00175,Windows,P01,24H2,HP EliteBook 840,SN00000175,user0019@example.com,R02,BU01,Intune,Active,2022-09-28,2022-10-15,2026-05-21,2027-09-27,CC-196
DEV-00176,MAC-00176,macOS,P02,15.1,MacBook Air 15,SN00000176,user0064@example.com,R03,BU03,JAMF,Active,2021-04-08,2021-05-06,2026-04-18,2026-04-07,CC-147
DEV-00177,WIN-00177,Windows,P01,24H2,Lenovo ThinkPad T14,SN00000177,user0255@example.com,R04,BU04,Intune,Lost/Stolen,2023-03-03,2023-03-14,2026-06-17,2028-03-01,CC-147
DEV-00178,AND-00178,Android,P04,16,Samsung Galaxy S25,SN00000178,user0280@example.com,R05,BU03,MDM,Active,2025-01-29,2025-02-12,2026-06-30,2030-01-28,CC-137
DEV-00179,WIN-00179,Windows,P01,24H2,Dell Latitude 7450,SN00000179,user0354@example.com,R01,BU03,Intune,Active,2022-09-20,2022-10-05,2026-04-24,2027-09-19,CC-156
DEV-00180,WIN-00180,Windows,P01,23H2,Dell Latitude 7450,SN00000180,user0344@example.com,R01,BU03,Intune,Active,2023-06-10,2023-06-19,2026-04-20,2028-06-08,CC-181
DEV-00181,WIN-00181,Windows,P01,24H2,Dell Latitude 7450,SN00000181,user0065@example.com,R05,BU02,Intune,In Stock,2021-10-20,2021-11-17,2026-04-24,2026-10-19,CC-108
DEV-00182,WIN-00182,Windows,P01,23H2,Lenovo ThinkPad T14,SN00000182,user0231@example.com,R06,BU03,Intune,Active,2024-03-07,2024-03-09,2026-04-24,2029-03-06,CC-147
DEV-00183,WIN-00183,Windows,P01,24H2,Dell Latitude 7450,SN00000183,user0059@example.com,R01,BU05,Intune,Active,2023-01-22,2023-02-04,2026-05-31,2028-01-21,CC-103
DEV-00184,MAC-00184,macOS,P02,15.1,MacBook Air 15,SN00000184,user0110@example.com,R04,BU05,JAMF,Active,2024-02-25,2024-02-29,2026-06-07,2029-02-23,CC-178
DEV-00185,WIN-00185,Windows,P01,23H2,Lenovo ThinkPad T14,SN00000185,user0228@example.com,R04,BU02,Intune,Active,2025-10-13,2025-10-16,2026-05-14,2030-10-12,CC-111
DEV-00186,IOS-00186,iOS,P03,19.0,iPhone 16,SN00000186,user0365@example.com,R03,BU03,MDM,Active,2024-02-01,2024-02-19,2026-06-03,2029-01-30,CC-190
DEV-00187,AND-00187,Android,P04,15,Samsung Galaxy S25,SN00000187,user0122@example.com,R06,BU02,MDM,Active,2023-11-08,2023-11-16,2026-06-25,2028-11-06,CC-163
DEV-00188,WIN-00188,Windows,P01,23H2,Dell Latitude 7450,SN00000188,user0159@example.com,R05,BU05,Intune,Active,2025-07-04,2025-07-22,2026-06-24,2030-07-03,CC-150
DEV-00189,AND-00189,Android,P04,15,Samsung Galaxy S25,SN00000189,user0163@example.com,R06,BU04,MDM,Active,2025-04-25,2025-05-09,2026-04-28,2030-04-24,CC-182
DEV-00190,WIN-00190,Windows,P01,23H2,Dell Latitude 7450,SN00000190,user0222@example.com,R04,BU05,Intune,Active,2025-12-04,2025-12-31,2026-05-01,2030-12-03,CC-164
DEV-00191,IOS-00191,iOS,P03,19.0,iPhone 16,SN00000191,user0178@example.com,R01,BU01,MDM,Active,2022-09-15,2022-09-21,2026-06-20,2027-09-14,CC-166
DEV-00192,IOS-00192,iOS,P03,19.0,iPhone 16,SN00000192,user0258@example.com,R01,BU03,MDM,Active,2024-02-03,2024-02-12,2026-06-24,2029-02-01,CC-182
DEV-00193,WIN-00193,Windows,P01,24H2,Lenovo ThinkPad T14,SN00000193,user0022@example.com,R05,BU02,Intune,Active,2024-07-02,2024-07-26,2026-04-24,2029-07-01,CC-103
DEV-00194,WIN-00194,Windows,P01,24H2,Lenovo ThinkPad T14,SN00000194,user0328@example.com,R06,BU05,Intune,Active,2022-03-08,2022-04-02,2026-04-28,2027-03-07,CC-103
DEV-00195,WIN-00195,Windows,P01,24H2,HP EliteBook 840,SN00000195,user0233@example.com,R06,BU05,Intune,Active,2022-09-11,2022-09-27,2026-06-09,2027-09-10,CC-109
DEV-00196,MAC-00196,macOS,P02,15.4,MacBook Pro 14,SN00000196,user0161@example.com,R02,BU04,JAMF,Active,2023-08-10,2023-08-17,2026-05-28,2028-08-08,CC-191
DEV-00197,WIN-00197,Windows,P01,23H2,HP EliteBook 840,SN00000197,user0124@example.com,R03,BU04,Intune,Active,2023-01-29,2023-02-15,2026-04-30,2028-01-28,CC-159
DEV-00198,WIN-00198,Windows,P01,24H2,Dell Latitude 7450,SN00000198,user0082@example.com,R04,BU02,Intune,Active,2021-04-14,2021-04-24,2026-05-22,2026-04-13,CC-141
DEV-00199,AND-00199,Android,P04,16,Google Pixel 10,SN00000199,user0158@example.com,R06,BU03,MDM,Active,2021-11-23,2021-12-09,2026-05-06,2026-11-22,CC-163
DEV-00200,WIN-00200,Windows,P01,24H2,Dell Latitude 7450,SN00000200,user0026@example.com,R04,BU05,Intune,Active,2022-05-09,2022-05-16,2026-04-27,2027-05-08,CC-136
DEV-00201,WIN-00201,Windows,P01,24H2,Dell Latitude 7450,SN00000201,user0136@example.com,R06,BU04,Intune,Active,2021-01-17,2021-02-14,2026-06-27,2026-01-16,CC-193
DEV-00202,WIN-00202,Windows,P01,23H2,HP EliteBook 840,SN00000202,user0284@example.com,R04,BU03,Intune,Active,2021-04-15,2021-05-04,2026-04-30,2026-04-14,CC-136
DEV-00203,WIN-00203,Windows,P01,23H2,Dell Latitude 7450,SN00000203,user0050@example.com,R05,BU04,Intune,Active,2022-07-27,2022-08-23,2026-04-22,2027-07-26,CC-150
DEV-00204,WIN-00204,Windows,P01,24H2,Lenovo ThinkPad T14,SN00000204,user0021@example.com,R03,BU05,Intune,Disposed,2025-03-27,2025-04-01,2026-06-15,2030-03-26,CC-105
DEV-00205,WIN-00205,Windows,P01,23H2,HP EliteBook 840,SN00000205,user0314@example.com,R06,BU03,Intune,Active,2023-11-30,2023-12-15,2026-06-21,2028-11-28,CC-140
DEV-00206,WIN-00206,Windows,P01,24H2,Lenovo ThinkPad T14,SN00000206,user0289@example.com,R05,BU03,Intune,Active,2023-11-05,2023-12-02,2026-05-06,2028-11-03,CC-138
DEV-00207,WIN-00207,Windows,P01,24H2,Lenovo ThinkPad T14,SN00000207,user0353@example.com,R01,BU03,Intune,Active,2021-08-13,2021-08-27,2026-04-27,2026-08-12,CC-180
DEV-00208,WIN-00208,Windows,P01,23H2,Lenovo ThinkPad T14,SN00000208,user0027@example.com,R04,BU03,Intune,In Stock,2025-05-23,2025-06-17,2026-04-27,2030-05-22,CC-174
DEV-00209,WIN-00209,Windows,P01,23H2,Dell Latitude 7450,SN00000209,user0294@example.com,R05,BU05,Intune,Active,2023-02-18,2023-02-23,2026-04-14,2028-02-17,CC-189
DEV-00210,WIN-00210,Windows,P01,23H2,HP EliteBook 840,SN00000210,user0257@example.com,R01,BU04,Intune,Active,2021-11-07,2021-11-21,2026-04-13,2026-11-06,CC-199
DEV-00211,MAC-00211,macOS,P02,15.1,MacBook Air 15,SN00000211,user0270@example.com,R04,BU01,JAMF,Active,2023-11-29,2023-12-06,2026-04-30,2028-11-27,CC-148
DEV-00212,WIN-00212,Windows,P01,24H2,Lenovo ThinkPad T14,SN00000212,user0248@example.com,R02,BU04,Intune,Disposed,2022-12-03,2022-12-21,2026-05-26,2027-12-02,CC-124
DEV-00213,AND-00213,Android,P04,15,Google Pixel 10,SN00000213,user0163@example.com,R03,BU05,MDM,Active,2022-09-02,2022-09-27,2026-06-04,2027-09-01,CC-161
DEV-00214,WIN-00214,Windows,P01,24H2,HP EliteBook 840,SN00000214,user0177@example.com,R06,BU03,Intune,Active,2024-03-20,2024-04-11,2026-05-02,2029-03-19,CC-198
DEV-00215,IOS-00215,iOS,P03,19.0,iPhone 15,SN00000215,user0383@example.com,R03,BU01,MDM,Active,2025-01-02,2025-01-05,2026-05-27,2030-01-01,CC-161
DEV-00216,WIN-00216,Windows,P01,23H2,Lenovo ThinkPad T14,SN00000216,user0380@example.com,R05,BU03,Intune,Disposed,2024-11-26,2024-12-05,2026-06-23,2029-11-25,CC-175
DEV-00217,WIN-00217,Windows,P01,24H2,HP EliteBook 840,SN00000217,user0368@example.com,R01,BU05,Intune,Active,2022-04-22,2022-04-24,2026-06-28,2027-04-21,CC-160
DEV-00218,WIN-00218,Windows,P01,24H2,HP EliteBook 840,SN00000218,user0334@example.com,R02,BU01,Intune,In Stock,2021-11-20,2021-12-04,2026-04-18,2026-11-19,CC-125
DEV-00219,MAC-00219,macOS,P02,15.4,MacBook Pro 14,SN00000219,user0274@example.com,R03,BU03,JAMF,Active,2021-05-02,2021-06-01,2026-06-29,2026-05-01,CC-194
DEV-00220,MAC-00220,macOS,P02,15.1,MacBook Air 15,SN00000220,user0096@example.com,R01,BU02,JAMF,Active,2025-09-12,2025-09-18,2026-07-06,2030-09-11,CC-195
DEV-00221,AND-00221,Android,P04,16,Google Pixel 10,SN00000221,user0233@example.com,R03,BU01,MDM,Active,2024-03-09,2024-03-29,2026-06-27,2029-03-08,CC-182
DEV-00222,WIN-00222,Windows,P01,23H2,HP EliteBook 840,SN00000222,user0084@example.com,R04,BU02,Intune,Active,2023-08-17,2023-08-26,2026-06-16,2028-08-15,CC-193
DEV-00223,WIN-00223,Windows,P01,23H2,Dell Latitude 7450,SN00000223,user0313@example.com,R03,BU02,Intune,Active,2022-11-22,2022-12-18,2026-06-03,2027-11-21,CC-181
DEV-00224,IOS-00224,iOS,P03,18.5,iPhone 16,SN00000224,user0245@example.com,R04,BU05,MDM,Active,2023-04-01,2023-04-23,2026-06-28,2028-03-30,CC-141
DEV-00225,AND-00225,Android,P04,16,Google Pixel 10,SN00000225,user0299@example.com,R01,BU03,MDM,Active,2023-07-04,2023-07-29,2026-06-06,2028-07-02,CC-192
DEV-00226,WIN-00226,Windows,P01,24H2,HP EliteBook 840,SN00000226,user0082@example.com,R03,BU03,Intune,Active,2021-05-08,2021-05-30,2026-06-25,2026-05-07,CC-151
DEV-00227,MAC-00227,macOS,P02,15.1,MacBook Pro 14,SN00000227,user0113@example.com,R06,BU03,JAMF,Active,2024-08-01,2024-08-31,2026-06-03,2029-07-31,CC-117
DEV-00228,WIN-00228,Windows,P01,23H2,Dell Latitude 7450,SN00000228,user0349@example.com,R04,BU05,Intune,Active,2024-12-08,2024-12-26,2026-05-11,2029-12-07,CC-196
DEV-00229,MAC-00229,macOS,P02,15.4,MacBook Pro 14,SN00000229,user0032@example.com,R01,BU05,JAMF,Active,2024-12-12,2024-12-24,2026-07-01,2029-12-11,CC-170
DEV-00230,IOS-00230,iOS,P03,19.0,iPhone 16,SN00000230,user0349@example.com,R02,BU05,MDM,Active,2021-12-03,2021-12-14,2026-05-05,2026-12-02,CC-126
DEV-00231,MAC-00231,macOS,P02,15.1,MacBook Pro 14,SN00000231,user0263@example.com,R04,BU01,JAMF,Lost/Stolen,2023-07-02,2023-07-28,2026-07-03,2028-06-30,CC-153
DEV-00232,WIN-00232,Windows,P01,24H2,HP EliteBook 840,SN00000232,user0002@example.com,R01,BU05,Intune,Active,2025-07-11,2025-07-21,2026-07-08,2030-07-10,CC-195
DEV-00233,WIN-00233,Windows,P01,23H2,Dell Latitude 7450,SN00000233,user0242@example.com,R01,BU01,Intune,Active,2024-12-05,2024-12-08,2026-05-02,2029-12-04,CC-104
DEV-00234,WIN-00234,Windows,P01,24H2,HP EliteBook 840,SN00000234,user0230@example.com,R02,BU02,Intune,Active,2025-02-02,2025-02-23,2026-05-18,2030-02-01,CC-148
DEV-00235,WIN-00235,Windows,P01,23H2,Lenovo ThinkPad T14,SN00000235,user0202@example.com,R06,BU05,Intune,Active,2025-10-28,2025-11-09,2026-06-25,2030-10-27,CC-167
DEV-00236,WIN-00236,Windows,P01,24H2,Lenovo ThinkPad T14,SN00000236,user0195@example.com,R02,BU01,Intune,Active,2022-09-04,2022-09-19,2026-04-15,2027-09-03,CC-129
DEV-00237,WIN-00237,Windows,P01,23H2,Lenovo ThinkPad T14,SN00000237,user0215@example.com,R03,BU02,Intune,Active,2025-11-28,2025-12-22,2026-06-26,2030-11-27,CC-178
DEV-00238,MAC-00238,macOS,P02,15.1,MacBook Pro 14,SN00000238,user0126@example.com,R01,BU02,JAMF,Active,2021-07-26,2021-08-15,2026-07-06,2026-07-25,CC-194
DEV-00239,WIN-00239,Windows,P01,23H2,Lenovo ThinkPad T14,SN00000239,user0149@example.com,R04,BU02,Intune,Active,2025-03-25,2025-04-22,2026-07-03,2030-03-24,CC-129
DEV-00240,IOS-00240,iOS,P03,19.0,iPhone 16,SN00000240,user0155@example.com,R06,BU05,MDM,Active,2024-05-09,2024-06-03,2026-04-15,2029-05-08,CC-118
DEV-00241,AND-00241,Android,P04,15,Google Pixel 10,SN00000241,user0285@example.com,R05,BU02,MDM,Active,2022-07-18,2022-07-20,2026-04-30,2027-07-17,CC-163
DEV-00242,WIN-00242,Windows,P01,24H2,Dell Latitude 7450,SN00000242,user0154@example.com,R03,BU04,Intune,Active,2022-10-15,2022-11-07,2026-05-18,2027-10-14,CC-148
DEV-00243,WIN-00243,Windows,P01,23H2,HP EliteBook 840,SN00000243,user0030@example.com,R05,BU04,Intune,Active,2022-04-07,2022-04-17,2026-04-11,2027-04-06,CC-171
DEV-00244,WIN-00244,Windows,P01,23H2,HP EliteBook 840,SN00000244,user0332@example.com,R04,BU05,Intune,Active,2023-03-07,2023-03-15,2026-06-08,2028-03-05,CC-110
DEV-00245,AND-00245,Android,P04,16,Google Pixel 10,SN00000245,user0345@example.com,R03,BU01,MDM,Active,2025-08-26,2025-09-02,2026-07-04,2030-08-25,CC-177
DEV-00246,MAC-00246,macOS,P02,15.4,MacBook Pro 14,SN00000246,user0246@example.com,R01,BU02,JAMF,Active,2024-04-18,2024-05-12,2026-04-16,2029-04-17,CC-126
DEV-00247,IOS-00247,iOS,P03,18.5,iPhone 15,SN00000247,user0125@example.com,R03,BU03,MDM,In Stock,2021-02-01,2021-02-08,2026-06-16,2026-01-31,CC-189
DEV-00248,MAC-00248,macOS,P02,15.1,MacBook Air 15,SN00000248,user0274@example.com,R02,BU04,JAMF,Disposed,2024-02-05,2024-02-16,2026-06-04,2029-02-03,CC-183
DEV-00249,WIN-00249,Windows,P01,24H2,HP EliteBook 840,SN00000249,user0105@example.com,R03,BU03,Intune,Active,2023-10-16,2023-10-31,2026-06-28,2028-10-14,CC-147
DEV-00250,WIN-00250,Windows,P01,24H2,Lenovo ThinkPad T14,SN00000250,user0300@example.com,R01,BU05,Intune,Active,2025-02-27,2025-03-04,2026-07-08,2030-02-26,CC-174
DEV-00251,MAC-00251,macOS,P02,14.7,MacBook Air 15,SN00000251,user0282@example.com,R03,BU02,JAMF,Active,2022-04-17,2022-04-30,2026-04-29,2027-04-16,CC-183
DEV-00252,AND-00252,Android,P04,16,Google Pixel 10,SN00000252,user0087@example.com,R03,BU03,MDM,Active,2023-09-28,2023-10-22,2026-04-19,2028-09-26,CC-193
DEV-00253,MAC-00253,macOS,P02,15.4,MacBook Pro 14,SN00000253,user0269@example.com,R02,BU02,JAMF,Active,2023-09-28,2023-10-04,2026-05-02,2028-09-26,CC-104
DEV-00254,IOS-00254,iOS,P03,18.5,iPhone 16,SN00000254,user0363@example.com,R01,BU01,MDM,Active,2023-04-25,2023-04-30,2026-04-21,2028-04-23,CC-119
DEV-00255,WIN-00255,Windows,P01,24H2,Lenovo ThinkPad T14,SN00000255,user0250@example.com,R05,BU04,Intune,Active,2024-06-19,2024-07-10,2026-04-16,2029-06-18,CC-102
DEV-00256,WIN-00256,Windows,P01,24H2,Dell Latitude 7450,SN00000256,user0258@example.com,R05,BU04,Intune,Active,2023-12-21,2024-01-14,2026-06-05,2028-12-19,CC-189
DEV-00257,MAC-00257,macOS,P02,14.7,MacBook Air 15,SN00000257,user0182@example.com,R02,BU01,JAMF,Disposed,2023-12-10,2023-12-15,2026-06-10,2028-12-08,CC-134
DEV-00258,MAC-00258,macOS,P02,15.4,MacBook Pro 14,SN00000258,user0154@example.com,R01,BU03,JAMF,In Stock,2023-07-30,2023-08-18,2026-06-09,2028-07-28,CC-187
DEV-00259,IOS-00259,iOS,P03,19.0,iPhone 16,SN00000259,user0327@example.com,R01,BU01,MDM,Active,2023-02-16,2023-03-01,2026-05-01,2028-02-15,CC-101
DEV-00260,MAC-00260,macOS,P02,15.4,MacBook Pro 14,SN00000260,user0271@example.com,R01,BU04,JAMF,Active,2024-08-13,2024-09-08,2026-05-29,2029-08-12,CC-105
DEV-00261,WIN-00261,Windows,P01,24H2,Lenovo ThinkPad T14,SN00000261,user0289@example.com,R06,BU05,Intune,Active,2021-04-06,2021-05-06,2026-07-01,2026-04-05,CC-184
DEV-00262,WIN-00262,Windows,P01,23H2,HP EliteBook 840,SN00000262,user0084@example.com,R03,BU01,Intune,In Stock,2024-04-17,2024-04-22,2026-05-21,2029-04-16,CC-172
DEV-00263,WIN-00263,Windows,P01,23H2,Lenovo ThinkPad T14,SN00000263,user0382@example.com,R04,BU05,Intune,Active,2025-03-28,2025-04-21,2026-06-23,2030-03-27,CC-144
DEV-00264,WIN-00264,Windows,P01,24H2,HP EliteBook 840,SN00000264,user0016@example.com,R04,BU02,Intune,Active,2022-11-29,2022-12-19,2026-04-23,2027-11-28,CC-181
DEV-00265,WIN-00265,Windows,P01,23H2,Lenovo ThinkPad T14,SN00000265,user0300@example.com,R04,BU04,Intune,Active,2024-02-07,2024-02-20,2026-05-16,2029-02-05,CC-184
DEV-00266,WIN-00266,Windows,P01,24H2,Dell Latitude 7450,SN00000266,user0195@example.com,R05,BU03,Intune,Active,2024-12-31,2025-01-03,2026-06-30,2029-12-30,CC-191
DEV-00267,MAC-00267,macOS,P02,15.1,MacBook Air 15,SN00000267,user0185@example.com,R02,BU04,JAMF,Active,2021-08-07,2021-08-10,2026-07-10,2026-08-06,CC-197
DEV-00268,WIN-00268,Windows,P01,24H2,Dell Latitude 7450,SN00000268,user0014@example.com,R02,BU01,Intune,Active,2023-07-09,2023-07-27,2026-04-30,2028-07-07,CC-111
DEV-00269,WIN-00269,Windows,P01,23H2,HP EliteBook 840,SN00000269,user0212@example.com,R01,BU05,Intune,Active,2022-10-27,2022-11-24,2026-05-22,2027-10-26,CC-149
DEV-00270,MAC-00270,macOS,P02,14.7,MacBook Air 15,SN00000270,user0087@example.com,R06,BU05,JAMF,Disposed,2022-05-13,2022-06-01,2026-05-05,2027-05-12,CC-117
DEV-00271,WIN-00271,Windows,P01,24H2,HP EliteBook 840,SN00000271,user0248@example.com,R03,BU04,Intune,Active,2021-12-09,2021-12-23,2026-06-05,2026-12-08,CC-109
DEV-00272,WIN-00272,Windows,P01,23H2,HP EliteBook 840,SN00000272,user0004@example.com,R02,BU04,Intune,Active,2022-02-05,2022-02-20,2026-06-27,2027-02-04,CC-150
DEV-00273,WIN-00273,Windows,P01,24H2,Lenovo ThinkPad T14,SN00000273,user0305@example.com,R05,BU04,Intune,Active,2022-11-06,2022-11-21,2026-05-29,2027-11-05,CC-117
DEV-00274,WIN-00274,Windows,P01,24H2,Lenovo ThinkPad T14,SN00000274,user0356@example.com,R05,BU02,Intune,Active,2021-12-30,2022-01-12,2026-05-31,2026-12-29,CC-181
DEV-00275,WIN-00275,Windows,P01,24H2,Dell Latitude 7450,SN00000275,user0289@example.com,R05,BU02,Intune,Active,2022-07-29,2022-08-25,2026-05-21,2027-07-28,CC-125
DEV-00276,MAC-00276,macOS,P02,15.4,MacBook Pro 14,SN00000276,user0225@example.com,R05,BU02,JAMF,Active,2024-02-01,2024-02-02,2026-05-12,2029-01-30,CC-137
DEV-00277,IOS-00277,iOS,P03,18.5,iPhone 15,SN00000277,user0338@example.com,R01,BU04,MDM,Active,2021-10-13,2021-11-03,2026-06-02,2026-10-12,CC-119
DEV-00278,MAC-00278,macOS,P02,15.1,MacBook Air 15,SN00000278,user0279@example.com,R04,BU01,JAMF,Active,2024-05-09,2024-05-25,2026-04-27,2029-05-08,CC-104
DEV-00279,MAC-00279,macOS,P02,15.4,MacBook Air 15,SN00000279,user0086@example.com,R03,BU05,JAMF,Active,2021-06-24,2021-06-28,2026-06-09,2026-06-23,CC-182
DEV-00280,MAC-00280,macOS,P02,14.7,MacBook Pro 14,SN00000280,user0051@example.com,R05,BU04,JAMF,In Stock,2022-11-11,2022-12-07,2026-05-16,2027-11-10,CC-133
DEV-00281,WIN-00281,Windows,P01,24H2,HP EliteBook 840,SN00000281,user0201@example.com,R06,BU05,Intune,Active,2024-11-09,2024-11-28,2026-06-12,2029-11-08,CC-159
DEV-00282,MAC-00282,macOS,P02,15.1,MacBook Air 15,SN00000282,user0044@example.com,R05,BU05,JAMF,Active,2021-02-20,2021-03-08,2026-06-27,2026-02-19,CC-114
DEV-00283,IOS-00283,iOS,P03,19.0,iPhone 15,SN00000283,user0244@example.com,R06,BU02,MDM,Active,2022-12-04,2022-12-19,2026-06-14,2027-12-03,CC-112
DEV-00284,WIN-00284,Windows,P01,23H2,Dell Latitude 7450,SN00000284,user0176@example.com,R06,BU04,Intune,Active,2022-09-07,2022-09-09,2026-04-11,2027-09-06,CC-182
DEV-00285,WIN-00285,Windows,P01,24H2,HP EliteBook 840,SN00000285,user0119@example.com,R02,BU02,Intune,Active,2024-02-05,2024-02-11,2026-05-29,2029-02-03,CC-151
DEV-00286,MAC-00286,macOS,P02,15.1,MacBook Air 15,SN00000286,user0200@example.com,R02,BU04,JAMF,Active,2025-02-19,2025-03-11,2026-06-15,2030-02-18,CC-100
DEV-00287,MAC-00287,macOS,P02,15.4,MacBook Pro 14,SN00000287,user0275@example.com,R02,BU03,JAMF,Active,2025-07-15,2025-08-10,2026-07-02,2030-07-14,CC-123
DEV-00288,WIN-00288,Windows,P01,24H2,Lenovo ThinkPad T14,SN00000288,user0199@example.com,R02,BU04,Intune,Active,2024-10-05,2024-11-02,2026-05-09,2029-10-04,CC-178
DEV-00289,WIN-00289,Windows,P01,24H2,Lenovo ThinkPad T14,SN00000289,user0303@example.com,R01,BU03,Intune,Active,2023-07-27,2023-08-16,2026-06-18,2028-07-25,CC-110
DEV-00290,MAC-00290,macOS,P02,15.4,MacBook Pro 14,SN00000290,user0262@example.com,R03,BU01,JAMF,Active,2021-08-28,2021-09-03,2026-05-24,2026-08-27,CC-149
DEV-00291,WIN-00291,Windows,P01,23H2,Lenovo ThinkPad T14,SN00000291,user0086@example.com,R02,BU05,Intune,Active,2022-01-16,2022-02-01,2026-04-20,2027-01-15,CC-162
DEV-00292,WIN-00292,Windows,P01,23H2,HP EliteBook 840,SN00000292,user0070@example.com,R02,BU03,Intune,Active,2024-06-22,2024-06-24,2026-05-26,2029-06-21,CC-124
DEV-00293,IOS-00293,iOS,P03,19.0,iPhone 15,SN00000293,user0251@example.com,R05,BU05,MDM,Active,2023-04-18,2023-05-10,2026-05-09,2028-04-16,CC-121
DEV-00294,WIN-00294,Windows,P01,24H2,Dell Latitude 7450,SN00000294,user0400@example.com,R01,BU02,Intune,Active,2022-07-17,2022-07-25,2026-05-03,2027-07-16,CC-158
DEV-00295,WIN-00295,Windows,P01,24H2,Lenovo ThinkPad T14,SN00000295,user0388@example.com,R04,BU05,Intune,Active,2024-03-18,2024-03-22,2026-06-06,2029-03-17,CC-105
DEV-00296,MAC-00296,macOS,P02,14.7,MacBook Air 15,SN00000296,user0017@example.com,R04,BU05,JAMF,Active,2023-05-21,2023-05-25,2026-04-18,2028-05-19,CC-157
DEV-00297,WIN-00297,Windows,P01,23H2,Lenovo ThinkPad T14,SN00000297,user0302@example.com,R01,BU04,Intune,Active,2021-08-29,2021-09-23,2026-06-10,2026-08-28,CC-188
DEV-00298,WIN-00298,Windows,P01,23H2,Dell Latitude 7450,SN00000298,user0031@example.com,R06,BU05,Intune,Active,2021-12-06,2021-12-26,2026-06-23,2026-12-05,CC-172
DEV-00299,WIN-00299,Windows,P01,24H2,Lenovo ThinkPad T14,SN00000299,user0137@example.com,R03,BU05,Intune,Active,2022-10-25,2022-11-17,2026-06-03,2027-10-24,CC-165
DEV-00300,AND-00300,Android,P04,15,Google Pixel 10,SN00000300,user0336@example.com,R06,BU01,MDM,Active,2025-03-17,2025-04-12,2026-05-19,2030-03-16,CC-116
DEV-00301,MAC-00301,macOS,P02,15.4,MacBook Air 15,SN00000301,user0251@example.com,R02,BU02,JAMF,Active,2022-10-22,2022-11-18,2026-06-09,2027-10-21,CC-118
DEV-00302,WIN-00302,Windows,P01,24H2,Lenovo ThinkPad T14,SN00000302,user0384@example.com,R03,BU04,Intune,Active,2021-06-04,2021-06-25,2026-06-29,2026-06-03,CC-135
DEV-00303,MAC-00303,macOS,P02,15.4,MacBook Pro 14,SN00000303,user0375@example.com,R03,BU04,JAMF,In Stock,2022-11-02,2022-11-21,2026-07-10,2027-11-01,CC-158
DEV-00304,MAC-00304,macOS,P02,14.7,MacBook Air 15,SN00000304,user0109@example.com,R06,BU03,JAMF,Active,2025-06-18,2025-07-06,2026-05-21,2030-06-17,CC-163
DEV-00305,WIN-00305,Windows,P01,24H2,Lenovo ThinkPad T14,SN00000305,user0391@example.com,R03,BU03,Intune,Active,2021-09-25,2021-10-14,2026-05-09,2026-09-24,CC-106
DEV-00306,WIN-00306,Windows,P01,24H2,Dell Latitude 7450,SN00000306,user0220@example.com,R06,BU04,Intune,Active,2025-10-23,2025-10-29,2026-05-15,2030-10-22,CC-125
DEV-00307,AND-00307,Android,P04,16,Google Pixel 10,SN00000307,user0043@example.com,R02,BU03,MDM,Active,2025-12-01,2025-12-10,2026-06-29,2030-11-30,CC-147
DEV-00308,MAC-00308,macOS,P02,14.7,MacBook Air 15,SN00000308,user0336@example.com,R06,BU02,JAMF,Active,2024-07-05,2024-07-15,2026-04-12,2029-07-04,CC-111
DEV-00309,MAC-00309,macOS,P02,15.4,MacBook Air 15,SN00000309,user0005@example.com,R01,BU02,JAMF,Active,2021-09-29,2021-10-18,2026-06-12,2026-09-28,CC-101
DEV-00310,MAC-00310,macOS,P02,15.1,MacBook Pro 14,SN00000310,user0375@example.com,R01,BU04,JAMF,Active,2023-09-06,2023-09-09,2026-06-11,2028-09-04,CC-113
DEV-00311,WIN-00311,Windows,P01,23H2,Dell Latitude 7450,SN00000311,user0272@example.com,R03,BU03,Intune,Active,2025-05-04,2025-05-31,2026-06-23,2030-05-03,CC-172
DEV-00312,WIN-00312,Windows,P01,23H2,HP EliteBook 840,SN00000312,user0316@example.com,R06,BU02,Intune,Active,2025-01-19,2025-01-26,2026-04-21,2030-01-18,CC-187
DEV-00313,WIN-00313,Windows,P01,24H2,HP EliteBook 840,SN00000313,user0220@example.com,R02,BU01,Intune,Lost/Stolen,2021-10-14,2021-11-08,2026-06-25,2026-10-13,CC-140
DEV-00314,MAC-00314,macOS,P02,15.4,MacBook Air 15,SN00000314,user0399@example.com,R02,BU03,JAMF,Active,2022-05-24,2022-06-11,2026-04-25,2027-05-23,CC-188
DEV-00315,WIN-00315,Windows,P01,24H2,HP EliteBook 840,SN00000315,user0331@example.com,R06,BU03,Intune,Active,2024-05-27,2024-06-13,2026-06-16,2029-05-26,CC-106
DEV-00316,MAC-00316,macOS,P02,15.4,MacBook Pro 14,SN00000316,user0271@example.com,R02,BU04,JAMF,Active,2022-05-09,2022-05-25,2026-04-20,2027-05-08,CC-101
DEV-00317,AND-00317,Android,P04,16,Samsung Galaxy S25,SN00000317,user0391@example.com,R03,BU02,MDM,Active,2025-09-15,2025-10-04,2026-05-18,2030-09-14,CC-160
DEV-00318,AND-00318,Android,P04,15,Samsung Galaxy S25,SN00000318,user0204@example.com,R01,BU01,MDM,Active,2021-01-29,2021-02-07,2026-06-13,2026-01-28,CC-164
DEV-00319,WIN-00319,Windows,P01,23H2,Lenovo ThinkPad T14,SN00000319,user0275@example.com,R06,BU05,Intune,Active,2023-05-18,2023-06-10,2026-05-20,2028-05-16,CC-168
DEV-00320,MAC-00320,macOS,P02,14.7,MacBook Air 15,SN00000320,user0201@example.com,R03,BU01,JAMF,Active,2023-11-14,2023-12-14,2026-06-14,2028-11-12,CC-175
DEV-00321,MAC-00321,macOS,P02,14.7,MacBook Pro 14,SN00000321,user0045@example.com,R06,BU01,JAMF,Active,2023-06-15,2023-07-09,2026-06-10,2028-06-13,CC-155
DEV-00322,WIN-00322,Windows,P01,23H2,Dell Latitude 7450,SN00000322,user0007@example.com,R05,BU05,Intune,Active,2024-09-26,2024-10-20,2026-04-17,2029-09-25,CC-190
DEV-00323,WIN-00323,Windows,P01,24H2,Dell Latitude 7450,SN00000323,user0191@example.com,R01,BU02,Intune,Active,2022-12-12,2022-12-29,2026-05-05,2027-12-11,CC-116
DEV-00324,MAC-00324,macOS,P02,15.1,MacBook Pro 14,SN00000324,user0135@example.com,R03,BU01,JAMF,Active,2021-03-02,2021-03-13,2026-05-17,2026-03-01,CC-191
DEV-00325,AND-00325,Android,P04,16,Samsung Galaxy S25,SN00000325,user0189@example.com,R06,BU01,MDM,Active,2023-11-13,2023-11-25,2026-07-03,2028-11-11,CC-120
DEV-00326,WIN-00326,Windows,P01,23H2,Dell Latitude 7450,SN00000326,user0007@example.com,R01,BU05,Intune,Active,2021-08-25,2021-09-02,2026-05-06,2026-08-24,CC-131
DEV-00327,WIN-00327,Windows,P01,24H2,Dell Latitude 7450,SN00000327,user0165@example.com,R03,BU04,Intune,Disposed,2022-01-02,2022-02-01,2026-07-06,2027-01-01,CC-131
DEV-00328,WIN-00328,Windows,P01,23H2,Lenovo ThinkPad T14,SN00000328,user0345@example.com,R06,BU03,Intune,Active,2021-06-09,2021-06-28,2026-05-24,2026-06-08,CC-106
DEV-00329,WIN-00329,Windows,P01,24H2,HP EliteBook 840,SN00000329,user0168@example.com,R05,BU01,Intune,In Stock,2021-05-22,2021-06-20,2026-05-12,2026-05-21,CC-111
DEV-00330,WIN-00330,Windows,P01,23H2,HP EliteBook 840,SN00000330,user0189@example.com,R01,BU03,Intune,Active,2024-02-29,2024-03-26,2026-06-02,2029-02-27,CC-175
DEV-00331,AND-00331,Android,P04,16,Samsung Galaxy S25,SN00000331,user0120@example.com,R02,BU05,MDM,Active,2022-05-18,2022-05-23,2026-07-10,2027-05-17,CC-169
DEV-00332,WIN-00332,Windows,P01,24H2,Lenovo ThinkPad T14,SN00000332,user0373@example.com,R06,BU01,Intune,In Stock,2021-01-03,2021-01-28,2026-04-17,2026-01-02,CC-139
DEV-00333,WIN-00333,Windows,P01,23H2,Dell Latitude 7450,SN00000333,user0119@example.com,R05,BU02,Intune,Active,2021-05-03,2021-05-08,2026-06-05,2026-05-02,CC-166
DEV-00334,WIN-00334,Windows,P01,23H2,Lenovo ThinkPad T14,SN00000334,user0202@example.com,R03,BU04,Intune,In Stock,2021-06-23,2021-07-12,2026-06-28,2026-06-22,CC-109
DEV-00335,MAC-00335,macOS,P02,15.1,MacBook Air 15,SN00000335,user0202@example.com,R01,BU04,JAMF,Active,2021-09-25,2021-10-03,2026-06-03,2026-09-24,CC-189
DEV-00336,IOS-00336,iOS,P03,18.5,iPhone 16,SN00000336,user0080@example.com,R03,BU03,MDM,Active,2022-04-24,2022-04-27,2026-06-15,2027-04-23,CC-113
DEV-00337,WIN-00337,Windows,P01,24H2,HP EliteBook 840,SN00000337,user0238@example.com,R04,BU03,Intune,Active,2024-01-03,2024-01-15,2026-06-14,2029-01-01,CC-133
DEV-00338,IOS-00338,iOS,P03,18.5,iPhone 16,SN00000338,user0168@example.com,R01,BU02,MDM,Active,2022-09-16,2022-10-13,2026-04-11,2027-09-15,CC-118
DEV-00339,WIN-00339,Windows,P01,24H2,Dell Latitude 7450,SN00000339,user0016@example.com,R02,BU03,Intune,Active,2021-04-11,2021-05-03,2026-06-02,2026-04-10,CC-151
DEV-00340,IOS-00340,iOS,P03,18.5,iPhone 16,SN00000340,user0032@example.com,R05,BU05,MDM,Active,2023-08-05,2023-08-09,2026-06-23,2028-08-03,CC-199
DEV-00341,AND-00341,Android,P04,15,Google Pixel 10,SN00000341,user0039@example.com,R02,BU02,MDM,Active,2023-02-02,2023-02-24,2026-04-21,2028-02-01,CC-102
DEV-00342,AND-00342,Android,P04,15,Samsung Galaxy S25,SN00000342,user0237@example.com,R02,BU04,MDM,Active,2021-07-08,2021-08-06,2026-05-29,2026-07-07,CC-106
DEV-00343,WIN-00343,Windows,P01,24H2,Lenovo ThinkPad T14,SN00000343,user0219@example.com,R05,BU04,Intune,Active,2023-03-20,2023-04-05,2026-07-07,2028-03-18,CC-122
DEV-00344,WIN-00344,Windows,P01,23H2,Lenovo ThinkPad T14,SN00000344,user0152@example.com,R02,BU03,Intune,Active,2021-11-01,2021-11-03,2026-04-23,2026-10-31,CC-163
DEV-00345,WIN-00345,Windows,P01,24H2,Dell Latitude 7450,SN00000345,user0330@example.com,R05,BU04,Intune,Active,2022-07-27,2022-08-09,2026-06-23,2027-07-26,CC-167
DEV-00346,WIN-00346,Windows,P01,24H2,Lenovo ThinkPad T14,SN00000346,user0249@example.com,R05,BU01,Intune,In Stock,2025-05-21,2025-06-13,2026-05-26,2030-05-20,CC-144
DEV-00347,IOS-00347,iOS,P03,18.5,iPhone 16,SN00000347,user0399@example.com,R05,BU03,MDM,Active,2022-01-04,2022-01-05,2026-05-31,2027-01-03,CC-135
DEV-00348,WIN-00348,Windows,P01,23H2,Dell Latitude 7450,SN00000348,user0337@example.com,R04,BU05,Intune,Active,2024-04-11,2024-04-19,2026-06-20,2029-04-10,CC-130
DEV-00349,WIN-00349,Windows,P01,24H2,Dell Latitude 7450,SN00000349,user0091@example.com,R06,BU01,Intune,Active,2022-03-26,2022-04-14,2026-05-22,2027-03-25,CC-130
DEV-00350,MAC-00350,macOS,P02,15.1,MacBook Pro 14,SN00000350,user0289@example.com,R06,BU03,JAMF,Disposed,2021-02-27,2021-03-22,2026-04-12,2026-02-26,CC-124
DEV-00351,IOS-00351,iOS,P03,18.5,iPhone 16,SN00000351,user0309@example.com,R04,BU05,MDM,Active,2023-10-02,2023-10-04,2026-06-29,2028-09-30,CC-128
DEV-00352,WIN-00352,Windows,P01,24H2,Lenovo ThinkPad T14,SN00000352,user0091@example.com,R04,BU01,Intune,Active,2024-06-11,2024-06-18,2026-06-24,2029-06-10,CC-141
DEV-00353,WIN-00353,Windows,P01,24H2,Dell Latitude 7450,SN00000353,user0192@example.com,R02,BU05,Intune,Active,2021-10-18,2021-11-12,2026-06-26,2026-10-17,CC-190
DEV-00354,AND-00354,Android,P04,15,Google Pixel 10,SN00000354,user0328@example.com,R04,BU05,MDM,Active,2022-09-11,2022-09-22,2026-06-23,2027-09-10,CC-162
DEV-00355,MAC-00355,macOS,P02,14.7,MacBook Pro 14,SN00000355,user0194@example.com,R02,BU05,JAMF,Active,2024-06-10,2024-07-06,2026-05-26,2029-06-09,CC-139
DEV-00356,MAC-00356,macOS,P02,15.1,MacBook Pro 14,SN00000356,user0094@example.com,R03,BU02,JAMF,Active,2021-01-04,2021-01-27,2026-04-28,2026-01-03,CC-177
DEV-00357,WIN-00357,Windows,P01,23H2,HP EliteBook 840,SN00000357,user0382@example.com,R05,BU02,Intune,Active,2021-08-02,2021-09-01,2026-05-08,2026-08-01,CC-109
DEV-00358,WIN-00358,Windows,P01,24H2,HP EliteBook 840,SN00000358,user0006@example.com,R03,BU02,Intune,Active,2021-07-01,2021-07-28,2026-04-11,2026-06-30,CC-133
DEV-00359,WIN-00359,Windows,P01,23H2,HP EliteBook 840,SN00000359,user0225@example.com,R06,BU01,Intune,Active,2025-05-31,2025-06-04,2026-07-10,2030-05-30,CC-193
DEV-00360,WIN-00360,Windows,P01,24H2,Dell Latitude 7450,SN00000360,user0246@example.com,R02,BU04,Intune,Active,2023-02-15,2023-02-27,2026-05-02,2028-02-14,CC-173
DEV-00361,MAC-00361,macOS,P02,15.1,MacBook Pro 14,SN00000361,user0164@example.com,R06,BU02,JAMF,Active,2021-05-31,2021-06-26,2026-07-06,2026-05-30,CC-133
DEV-00362,AND-00362,Android,P04,15,Google Pixel 10,SN00000362,user0305@example.com,R01,BU03,MDM,Active,2023-02-08,2023-02-14,2026-07-01,2028-02-07,CC-178
DEV-00363,IOS-00363,iOS,P03,19.0,iPhone 16,SN00000363,user0028@example.com,R06,BU01,MDM,Active,2024-08-31,2024-09-06,2026-04-24,2029-08-30,CC-112
DEV-00364,WIN-00364,Windows,P01,24H2,Lenovo ThinkPad T14,SN00000364,user0145@example.com,R02,BU04,Intune,Active,2025-01-18,2025-02-17,2026-05-02,2030-01-17,CC-138
DEV-00365,WIN-00365,Windows,P01,23H2,HP EliteBook 840,SN00000365,user0002@example.com,R01,BU04,Intune,Active,2025-09-17,2025-10-03,2026-06-21,2030-09-16,CC-154
DEV-00366,WIN-00366,Windows,P01,23H2,Lenovo ThinkPad T14,SN00000366,user0150@example.com,R06,BU05,Intune,Active,2021-07-18,2021-07-19,2026-06-14,2026-07-17,CC-110
DEV-00367,WIN-00367,Windows,P01,24H2,Dell Latitude 7450,SN00000367,user0329@example.com,R01,BU03,Intune,Active,2023-08-23,2023-09-08,2026-04-17,2028-08-21,CC-169
DEV-00368,WIN-00368,Windows,P01,24H2,HP EliteBook 840,SN00000368,user0135@example.com,R03,BU04,Intune,Active,2023-07-02,2023-07-04,2026-06-07,2028-06-30,CC-128
DEV-00369,IOS-00369,iOS,P03,18.5,iPhone 15,SN00000369,user0278@example.com,R05,BU01,MDM,Active,2024-11-27,2024-12-19,2026-06-28,2029-11-26,CC-152
DEV-00370,AND-00370,Android,P04,16,Google Pixel 10,SN00000370,user0294@example.com,R05,BU02,MDM,Active,2025-09-18,2025-10-01,2026-05-05,2030-09-17,CC-130
DEV-00371,WIN-00371,Windows,P01,23H2,Dell Latitude 7450,SN00000371,user0388@example.com,R01,BU04,Intune,Disposed,2025-01-02,2025-01-04,2026-05-07,2030-01-01,CC-157
DEV-00372,WIN-00372,Windows,P01,23H2,Lenovo ThinkPad T14,SN00000372,user0223@example.com,R02,BU02,Intune,Active,2021-09-16,2021-09-18,2026-05-17,2026-09-15,CC-125
DEV-00373,AND-00373,Android,P04,15,Google Pixel 10,SN00000373,user0285@example.com,R06,BU02,MDM,Active,2022-06-13,2022-06-24,2026-07-02,2027-06-12,CC-150
DEV-00374,WIN-00374,Windows,P01,24H2,Dell Latitude 7450,SN00000374,user0213@example.com,R03,BU05,Intune,Active,2025-11-24,2025-11-25,2026-04-12,2030-11-23,CC-119
DEV-00375,WIN-00375,Windows,P01,23H2,HP EliteBook 840,SN00000375,user0275@example.com,R05,BU05,Intune,Active,2021-07-25,2021-08-24,2026-06-27,2026-07-24,CC-144
DEV-00376,IOS-00376,iOS,P03,18.5,iPhone 16,SN00000376,user0142@example.com,R03,BU04,MDM,Active,2024-03-17,2024-04-06,2026-05-11,2029-03-16,CC-151
DEV-00377,WIN-00377,Windows,P01,23H2,Dell Latitude 7450,SN00000377,user0382@example.com,R05,BU04,Intune,Active,2025-12-06,2025-12-17,2026-04-13,2030-12-05,CC-160
DEV-00378,AND-00378,Android,P04,16,Google Pixel 10,SN00000378,user0357@example.com,R03,BU01,MDM,Active,2025-06-14,2025-06-24,2026-06-01,2030-06-13,CC-187
DEV-00379,WIN-00379,Windows,P01,24H2,Lenovo ThinkPad T14,SN00000379,user0214@example.com,R02,BU02,Intune,Active,2025-03-04,2025-03-19,2026-05-30,2030-03-03,CC-177
DEV-00380,MAC-00380,macOS,P02,15.4,MacBook Air 15,SN00000380,user0029@example.com,R02,BU04,JAMF,Active,2025-08-15,2025-08-29,2026-05-09,2030-08-14,CC-165
DEV-00381,MAC-00381,macOS,P02,15.4,MacBook Pro 14,SN00000381,user0089@example.com,R01,BU03,JAMF,Active,2023-04-07,2023-04-12,2026-05-04,2028-04-05,CC-124
DEV-00382,IOS-00382,iOS,P03,18.5,iPhone 15,SN00000382,user0189@example.com,R02,BU01,MDM,Active,2023-07-24,2023-07-26,2026-05-25,2028-07-22,CC-159
DEV-00383,WIN-00383,Windows,P01,24H2,Dell Latitude 7450,SN00000383,user0243@example.com,R06,BU01,Intune,Active,2022-05-11,2022-05-23,2026-05-09,2027-05-10,CC-175
DEV-00384,WIN-00384,Windows,P01,23H2,HP EliteBook 840,SN00000384,user0015@example.com,R03,BU02,Intune,Active,2022-06-14,2022-07-08,2026-04-13,2027-06-13,CC-149
DEV-00385,WIN-00385,Windows,P01,23H2,HP EliteBook 840,SN00000385,user0334@example.com,R05,BU02,Intune,Active,2024-08-18,2024-08-26,2026-04-15,2029-08-17,CC-152
DEV-00386,WIN-00386,Windows,P01,23H2,Dell Latitude 7450,SN00000386,user0130@example.com,R06,BU01,Intune,Active,2021-09-28,2021-10-19,2026-06-18,2026-09-27,CC-177
DEV-00387,IOS-00387,iOS,P03,19.0,iPhone 15,SN00000387,user0112@example.com,R03,BU03,MDM,Active,2023-02-11,2023-03-11,2026-05-27,2028-02-10,CC-159
DEV-00388,WIN-00388,Windows,P01,24H2,Lenovo ThinkPad T14,SN00000388,user0332@example.com,R05,BU05,Intune,Active,2021-07-29,2021-07-30,2026-05-06,2026-07-28,CC-176
DEV-00389,MAC-00389,macOS,P02,15.1,MacBook Air 15,SN00000389,user0134@example.com,R03,BU01,JAMF,Active,2022-11-20,2022-11-29,2026-04-20,2027-11-19,CC-183
DEV-00390,MAC-00390,macOS,P02,14.7,MacBook Air 15,SN00000390,user0339@example.com,R06,BU03,JAMF,Active,2023-11-26,2023-12-21,2026-06-10,2028-11-24,CC-140
DEV-00391,MAC-00391,macOS,P02,15.1,MacBook Air 15,SN00000391,user0378@example.com,R06,BU01,JAMF,Active,2022-08-29,2022-09-07,2026-05-18,2027-08-28,CC-104
DEV-00392,MAC-00392,macOS,P02,15.4,MacBook Air 15,SN00000392,user0344@example.com,R05,BU02,JAMF,Active,2024-12-31,2025-01-08,2026-04-14,2029-12-30,CC-145
DEV-00393,WIN-00393,Windows,P01,24H2,Lenovo ThinkPad T14,SN00000393,user0287@example.com,R02,BU05,Intune,Active,2021-07-19,2021-08-04,2026-06-24,2026-07-18,CC-197
DEV-00394,IOS-00394,iOS,P03,19.0,iPhone 15,SN00000394,user0170@example.com,R06,BU03,MDM,Active,2022-04-01,2022-04-13,2026-06-12,2027-03-31,CC-147
DEV-00395,WIN-00395,Windows,P01,23H2,HP EliteBook 840,SN00000395,user0100@example.com,R03,BU04,Intune,Active,2023-08-22,2023-08-24,2026-04-20,2028-08-20,CC-164
DEV-00396,WIN-00396,Windows,P01,23H2,Dell Latitude 7450,SN00000396,user0176@example.com,R06,BU04,Intune,Active,2023-04-27,2023-04-29,2026-06-21,2028-04-25,CC-152
DEV-00397,AND-00397,Android,P04,16,Google Pixel 10,SN00000397,user0324@example.com,R04,BU02,MDM,Active,2025-01-05,2025-01-11,2026-06-30,2030-01-04,CC-122
DEV-00398,WIN-00398,Windows,P01,23H2,HP EliteBook 840,SN00000398,user0391@example.com,R01,BU01,Intune,Active,2022-03-05,2022-03-30,2026-06-19,2027-03-04,CC-199
DEV-00399,WIN-00399,Windows,P01,24H2,Dell Latitude 7450,SN00000399,user0020@example.com,R05,BU04,Intune,Active,2023-04-07,2023-04-21,2026-05-10,2028-04-05,CC-168
DEV-00400,WIN-00400,Windows,P01,23H2,Dell Latitude 7450,SN00000400,user0347@example.com,R03,BU01,Intune,Lost/Stolen,2025-03-31,2025-04-27,2026-05-04,2030-03-30,CC-100
DEV-00401,MAC-00401,macOS,P02,14.7,MacBook Air 15,SN00000401,user0258@example.com,R02,BU02,JAMF,Active,2022-12-07,2022-12-17,2026-06-24,2027-12-06,CC-175
DEV-00402,WIN-00402,Windows,P01,24H2,HP EliteBook 840,SN00000402,user0352@example.com,R01,BU01,Intune,Active,2022-08-19,2022-09-03,2026-05-05,2027-08-18,CC-117
DEV-00403,WIN-00403,Windows,P01,23H2,Dell Latitude 7450,SN00000403,user0115@example.com,R04,BU03,Intune,Active,2021-12-04,2022-01-03,2026-05-20,2026-12-03,CC-193
DEV-00404,AND-00404,Android,P04,15,Google Pixel 10,SN00000404,user0328@example.com,R02,BU01,MDM,Active,2021-12-13,2021-12-17,2026-05-25,2026-12-12,CC-132
DEV-00405,MAC-00405,macOS,P02,15.4,MacBook Pro 14,SN00000405,user0025@example.com,R05,BU01,JAMF,Active,2021-04-09,2021-05-01,2026-06-27,2026-04-08,CC-188
DEV-00406,WIN-00406,Windows,P01,23H2,Dell Latitude 7450,SN00000406,user0356@example.com,R04,BU04,Intune,Active,2022-06-02,2022-06-18,2026-04-12,2027-06-01,CC-187
DEV-00407,MAC-00407,macOS,P02,15.4,MacBook Pro 14,SN00000407,user0215@example.com,R03,BU04,JAMF,Active,2024-09-18,2024-10-05,2026-06-06,2029-09-17,CC-113
DEV-00408,WIN-00408,Windows,P01,23H2,Lenovo ThinkPad T14,SN00000408,user0103@example.com,R05,BU01,Intune,Active,2025-05-27,2025-05-31,2026-05-08,2030-05-26,CC-199
DEV-00409,WIN-00409,Windows,P01,23H2,Lenovo ThinkPad T14,SN00000409,user0255@example.com,R05,BU02,Intune,Active,2023-04-20,2023-04-30,2026-06-20,2028-04-18,CC-126
DEV-00410,MAC-00410,macOS,P02,14.7,MacBook Air 15,SN00000410,user0077@example.com,R04,BU03,JAMF,Active,2021-01-27,2021-02-18,2026-06-29,2026-01-26,CC-111
DEV-00411,MAC-00411,macOS,P02,15.1,MacBook Air 15,SN00000411,user0238@example.com,R01,BU01,JAMF,Disposed,2024-08-12,2024-08-20,2026-05-13,2029-08-11,CC-106
DEV-00412,WIN-00412,Windows,P01,24H2,HP EliteBook 840,SN00000412,user0379@example.com,R02,BU01,Intune,Active,2023-01-08,2023-02-03,2026-04-15,2028-01-07,CC-114
DEV-00413,WIN-00413,Windows,P01,24H2,HP EliteBook 840,SN00000413,user0225@example.com,R01,BU01,Intune,Active,2024-09-20,2024-10-11,2026-06-19,2029-09-19,CC-179
DEV-00414,WIN-00414,Windows,P01,24H2,HP EliteBook 840,SN00000414,user0234@example.com,R06,BU01,Intune,Active,2022-12-03,2022-12-09,2026-06-26,2027-12-02,CC-134
DEV-00415,IOS-00415,iOS,P03,18.5,iPhone 16,SN00000415,user0357@example.com,R06,BU04,MDM,Active,2024-08-21,2024-09-19,2026-06-19,2029-08-20,CC-192
DEV-00416,WIN-00416,Windows,P01,24H2,Dell Latitude 7450,SN00000416,user0313@example.com,R02,BU01,Intune,Active,2024-04-24,2024-05-10,2026-04-29,2029-04-23,CC-148
DEV-00417,MAC-00417,macOS,P02,15.1,MacBook Air 15,SN00000417,user0058@example.com,R05,BU01,JAMF,Active,2025-09-14,2025-10-08,2026-06-24,2030-09-13,CC-152
DEV-00418,WIN-00418,Windows,P01,23H2,Lenovo ThinkPad T14,SN00000418,user0174@example.com,R01,BU03,Intune,Active,2021-01-26,2021-02-18,2026-04-15,2026-01-25,CC-166
DEV-00419,WIN-00419,Windows,P01,24H2,HP EliteBook 840,SN00000419,user0340@example.com,R06,BU05,Intune,Active,2024-09-17,2024-10-11,2026-06-09,2029-09-16,CC-186
DEV-00420,MAC-00420,macOS,P02,15.4,MacBook Pro 14,SN00000420,user0259@example.com,R02,BU05,JAMF,Lost/Stolen,2024-06-09,2024-06-11,2026-07-09,2029-06-08,CC-160
DEV-00421,IOS-00421,iOS,P03,19.0,iPhone 16,SN00000421,user0260@example.com,R02,BU01,MDM,Active,2022-10-19,2022-10-27,2026-05-29,2027-10-18,CC-128
DEV-00422,WIN-00422,Windows,P01,24H2,Dell Latitude 7450,SN00000422,user0256@example.com,R04,BU04,Intune,Active,2021-06-11,2021-06-26,2026-05-15,2026-06-10,CC-157
DEV-00423,WIN-00423,Windows,P01,23H2,Dell Latitude 7450,SN00000423,user0310@example.com,R04,BU01,Intune,Active,2023-04-25,2023-04-27,2026-04-30,2028-04-23,CC-179
DEV-00424,MAC-00424,macOS,P02,15.1,MacBook Pro 14,SN00000424,user0115@example.com,R05,BU05,JAMF,Active,2024-10-07,2024-10-22,2026-05-28,2029-10-06,CC-158
DEV-00425,WIN-00425,Windows,P01,23H2,Dell Latitude 7450,SN00000425,user0389@example.com,R05,BU05,Intune,Active,2024-09-07,2024-09-19,2026-05-14,2029-09-06,CC-184
DEV-00426,WIN-00426,Windows,P01,24H2,Lenovo ThinkPad T14,SN00000426,user0055@example.com,R03,BU03,Intune,Active,2025-06-27,2025-07-07,2026-05-01,2030-06-26,CC-105
DEV-00427,IOS-00427,iOS,P03,18.5,iPhone 15,SN00000427,user0313@example.com,R04,BU02,MDM,Active,2025-03-01,2025-03-25,2026-05-19,2030-02-28,CC-125
DEV-00428,WIN-00428,Windows,P01,23H2,HP EliteBook 840,SN00000428,user0024@example.com,R04,BU02,Intune,Active,2025-05-20,2025-05-27,2026-05-28,2030-05-19,CC-181
DEV-00429,IOS-00429,iOS,P03,18.5,iPhone 15,SN00000429,user0003@example.com,R05,BU01,MDM,Active,2023-07-12,2023-07-27,2026-04-17,2028-07-10,CC-167
DEV-00430,MAC-00430,macOS,P02,14.7,MacBook Pro 14,SN00000430,user0375@example.com,R05,BU04,JAMF,Active,2023-09-17,2023-10-17,2026-05-06,2028-09-15,CC-116
DEV-00431,WIN-00431,Windows,P01,24H2,Lenovo ThinkPad T14,SN00000431,user0355@example.com,R06,BU05,Intune,Active,2022-10-22,2022-11-08,2026-05-22,2027-10-21,CC-197
DEV-00432,WIN-00432,Windows,P01,23H2,HP EliteBook 840,SN00000432,user0309@example.com,R04,BU03,Intune,In Stock,2023-07-17,2023-08-12,2026-06-23,2028-07-15,CC-189
DEV-00433,IOS-00433,iOS,P03,18.5,iPhone 16,SN00000433,user0108@example.com,R05,BU03,MDM,Active,2024-01-27,2024-02-24,2026-05-31,2029-01-25,CC-179
DEV-00434,MAC-00434,macOS,P02,14.7,MacBook Air 15,SN00000434,user0364@example.com,R06,BU03,JAMF,Disposed,2021-09-29,2021-10-22,2026-04-18,2026-09-28,CC-114
DEV-00435,MAC-00435,macOS,P02,15.4,MacBook Air 15,SN00000435,user0217@example.com,R05,BU04,JAMF,Active,2024-09-28,2024-10-21,2026-05-18,2029-09-27,CC-101
DEV-00436,WIN-00436,Windows,P01,24H2,Dell Latitude 7450,SN00000436,user0147@example.com,R01,BU04,Intune,Active,2024-10-04,2024-10-06,2026-06-15,2029-10-03,CC-187
DEV-00437,WIN-00437,Windows,P01,24H2,Dell Latitude 7450,SN00000437,user0316@example.com,R01,BU03,Intune,Active,2024-01-14,2024-01-16,2026-05-26,2029-01-12,CC-186
DEV-00438,MAC-00438,macOS,P02,15.1,MacBook Pro 14,SN00000438,user0196@example.com,R02,BU05,JAMF,Active,2023-11-13,2023-12-09,2026-04-12,2028-11-11,CC-149
DEV-00439,WIN-00439,Windows,P01,23H2,Lenovo ThinkPad T14,SN00000439,user0400@example.com,R06,BU03,Intune,In Stock,2021-04-21,2021-04-22,2026-06-08,2026-04-20,CC-156
DEV-00440,IOS-00440,iOS,P03,18.5,iPhone 16,SN00000440,user0151@example.com,R06,BU03,MDM,Active,2024-01-25,2024-02-18,2026-04-24,2029-01-23,CC-157
DEV-00441,WIN-00441,Windows,P01,23H2,HP EliteBook 840,SN00000441,user0021@example.com,R06,BU01,Intune,Active,2021-12-22,2022-01-15,2026-05-06,2026-12-21,CC-154
DEV-00442,WIN-00442,Windows,P01,24H2,HP EliteBook 840,SN00000442,user0364@example.com,R03,BU02,Intune,Active,2025-09-29,2025-10-08,2026-07-10,2030-09-28,CC-119
DEV-00443,WIN-00443,Windows,P01,24H2,HP EliteBook 840,SN00000443,user0294@example.com,R03,BU05,Intune,Active,2024-07-04,2024-07-24,2026-04-17,2029-07-03,CC-170
DEV-00444,WIN-00444,Windows,P01,23H2,HP EliteBook 840,SN00000444,user0279@example.com,R06,BU03,Intune,Active,2022-01-12,2022-01-29,2026-07-02,2027-01-11,CC-168
DEV-00445,WIN-00445,Windows,P01,24H2,HP EliteBook 840,SN00000445,user0112@example.com,R03,BU02,Intune,Lost/Stolen,2024-09-20,2024-10-01,2026-05-29,2029-09-19,CC-196
DEV-00446,MAC-00446,macOS,P02,15.4,MacBook Air 15,SN00000446,user0229@example.com,R04,BU05,JAMF,Active,2024-08-22,2024-08-23,2026-06-26,2029-08-21,CC-130
DEV-00447,IOS-00447,iOS,P03,19.0,iPhone 16,SN00000447,user0198@example.com,R05,BU05,MDM,Active,2021-03-23,2021-04-14,2026-05-30,2026-03-22,CC-132
DEV-00448,WIN-00448,Windows,P01,24H2,HP EliteBook 840,SN00000448,user0023@example.com,R03,BU01,Intune,Disposed,2025-08-11,2025-09-05,2026-05-24,2030-08-10,CC-137
DEV-00449,IOS-00449,iOS,P03,18.5,iPhone 16,SN00000449,user0108@example.com,R02,BU03,MDM,Active,2021-07-16,2021-07-22,2026-05-03,2026-07-15,CC-185
DEV-00450,MAC-00450,macOS,P02,15.4,MacBook Air 15,SN00000450,user0332@example.com,R02,BU04,JAMF,Active,2022-02-26,2022-03-16,2026-04-12,2027-02-25,CC-109
DEV-00451,MAC-00451,macOS,P02,14.7,MacBook Pro 14,SN00000451,user0092@example.com,R02,BU01,JAMF,Active,2022-11-11,2022-11-13,2026-06-29,2027-11-10,CC-132
DEV-00452,WIN-00452,Windows,P01,24H2,HP EliteBook 840,SN00000452,user0162@example.com,R05,BU02,Intune,Disposed,2023-04-15,2023-04-28,2026-05-14,2028-04-13,CC-102
DEV-00453,WIN-00453,Windows,P01,23H2,Lenovo ThinkPad T14,SN00000453,user0038@example.com,R01,BU05,Intune,Active,2025-01-15,2025-02-04,2026-07-02,2030-01-14,CC-145
DEV-00454,AND-00454,Android,P04,16,Google Pixel 10,SN00000454,user0196@example.com,R01,BU03,MDM,Active,2022-09-10,2022-09-30,2026-06-29,2027-09-09,CC-150
DEV-00455,IOS-00455,iOS,P03,19.0,iPhone 16,SN00000455,user0153@example.com,R01,BU04,MDM,Active,2022-03-27,2022-04-01,2026-05-21,2027-03-26,CC-186
DEV-00456,IOS-00456,iOS,P03,18.5,iPhone 16,SN00000456,user0022@example.com,R06,BU03,MDM,In Stock,2021-01-23,2021-02-10,2026-04-30,2026-01-22,CC-100
DEV-00457,WIN-00457,Windows,P01,24H2,Dell Latitude 7450,SN00000457,user0212@example.com,R04,BU05,Intune,Active,2021-06-24,2021-07-04,2026-06-14,2026-06-23,CC-182
DEV-00458,IOS-00458,iOS,P03,18.5,iPhone 16,SN00000458,user0093@example.com,R02,BU02,MDM,Active,2024-06-17,2024-07-14,2026-06-08,2029-06-16,CC-185
DEV-00459,MAC-00459,macOS,P02,15.4,MacBook Pro 14,SN00000459,user0129@example.com,R01,BU05,JAMF,Active,2024-01-31,2024-02-03,2026-06-03,2029-01-29,CC-112
DEV-00460,WIN-00460,Windows,P01,23H2,Dell Latitude 7450,SN00000460,user0146@example.com,R05,BU04,Intune,In Stock,2023-01-02,2023-01-07,2026-04-16,2028-01-01,CC-179
DEV-00461,WIN-00461,Windows,P01,24H2,Lenovo ThinkPad T14,SN00000461,user0300@example.com,R02,BU03,Intune,Active,2022-11-04,2022-11-24,2026-04-17,2027-11-03,CC-119
DEV-00462,WIN-00462,Windows,P01,23H2,Dell Latitude 7450,SN00000462,user0365@example.com,R03,BU03,Intune,In Stock,2021-12-12,2021-12-13,2026-05-31,2026-12-11,CC-194
DEV-00463,MAC-00463,macOS,P02,15.1,MacBook Air 15,SN00000463,user0184@example.com,R03,BU03,JAMF,Active,2025-02-10,2025-02-21,2026-05-10,2030-02-09,CC-199
DEV-00464,WIN-00464,Windows,P01,23H2,Lenovo ThinkPad T14,SN00000464,user0101@example.com,R05,BU01,Intune,Active,2024-05-27,2024-05-30,2026-06-05,2029-05-26,CC-133
DEV-00465,MAC-00465,macOS,P02,15.4,MacBook Pro 14,SN00000465,user0298@example.com,R06,BU01,JAMF,Active,2021-02-08,2021-03-08,2026-05-07,2026-02-07,CC-174
DEV-00466,WIN-00466,Windows,P01,24H2,Lenovo ThinkPad T14,SN00000466,user0397@example.com,R05,BU02,Intune,Disposed,2024-02-04,2024-02-13,2026-05-02,2029-02-02,CC-119
DEV-00467,WIN-00467,Windows,P01,23H2,HP EliteBook 840,SN00000467,user0187@example.com,R02,BU05,Intune,Active,2022-08-19,2022-08-24,2026-05-12,2027-08-18,CC-164
DEV-00468,WIN-00468,Windows,P01,24H2,Dell Latitude 7450,SN00000468,user0092@example.com,R02,BU05,Intune,Active,2025-03-31,2025-04-17,2026-06-23,2030-03-30,CC-172
DEV-00469,AND-00469,Android,P04,15,Google Pixel 10,SN00000469,user0119@example.com,R06,BU02,MDM,Active,2023-09-18,2023-09-30,2026-07-05,2028-09-16,CC-108
DEV-00470,WIN-00470,Windows,P01,24H2,HP EliteBook 840,SN00000470,user0233@example.com,R02,BU01,Intune,Active,2023-11-27,2023-12-27,2026-05-25,2028-11-25,CC-105
DEV-00471,WIN-00471,Windows,P01,24H2,Lenovo ThinkPad T14,SN00000471,user0279@example.com,R06,BU03,Intune,Active,2023-12-04,2023-12-25,2026-06-05,2028-12-02,CC-172
DEV-00472,WIN-00472,Windows,P01,24H2,HP EliteBook 840,SN00000472,user0115@example.com,R06,BU04,Intune,Active,2024-08-31,2024-09-29,2026-07-01,2029-08-30,CC-166
DEV-00473,WIN-00473,Windows,P01,23H2,HP EliteBook 840,SN00000473,user0085@example.com,R03,BU04,Intune,Active,2024-05-22,2024-05-23,2026-05-07,2029-05-21,CC-129
DEV-00474,WIN-00474,Windows,P01,23H2,Lenovo ThinkPad T14,SN00000474,user0118@example.com,R06,BU03,Intune,Active,2022-01-18,2022-01-24,2026-05-25,2027-01-17,CC-153
DEV-00475,IOS-00475,iOS,P03,18.5,iPhone 15,SN00000475,user0012@example.com,R06,BU01,MDM,Active,2023-09-08,2023-09-24,2026-06-14,2028-09-06,CC-131
DEV-00476,WIN-00476,Windows,P01,23H2,Dell Latitude 7450,SN00000476,user0086@example.com,R05,BU05,Intune,Active,2024-07-13,2024-07-30,2026-07-05,2029-07-12,CC-133
DEV-00477,AND-00477,Android,P04,16,Samsung Galaxy S25,SN00000477,user0111@example.com,R05,BU04,MDM,Active,2024-02-29,2024-03-21,2026-07-08,2029-02-27,CC-157
DEV-00478,MAC-00478,macOS,P02,14.7,MacBook Pro 14,SN00000478,user0320@example.com,R04,BU04,JAMF,Active,2025-08-28,2025-09-11,2026-04-25,2030-08-27,CC-184
DEV-00479,WIN-00479,Windows,P01,23H2,HP EliteBook 840,SN00000479,user0198@example.com,R02,BU03,Intune,Disposed,2024-05-06,2024-05-25,2026-07-02,2029-05-05,CC-116
DEV-00480,WIN-00480,Windows,P01,23H2,Lenovo ThinkPad T14,SN00000480,user0050@example.com,R02,BU05,Intune,Active,2023-10-30,2023-11-21,2026-05-18,2028-10-28,CC-122
DEV-00481,WIN-00481,Windows,P01,23H2,Dell Latitude 7450,SN00000481,user0247@example.com,R05,BU05,Intune,Active,2025-05-25,2025-06-12,2026-05-07,2030-05-24,CC-184
DEV-00482,WIN-00482,Windows,P01,24H2,Lenovo ThinkPad T14,SN00000482,user0216@example.com,R05,BU05,Intune,Active,2025-05-06,2025-05-28,2026-04-18,2030-05-05,CC-147
DEV-00483,IOS-00483,iOS,P03,19.0,iPhone 16,SN00000483,user0218@example.com,R06,BU05,MDM,Active,2025-07-02,2025-07-18,2026-05-23,2030-07-01,CC-117
DEV-00484,WIN-00484,Windows,P01,24H2,Dell Latitude 7450,SN00000484,user0003@example.com,R02,BU01,Intune,Active,2025-12-01,2025-12-19,2026-05-19,2030-11-30,CC-190
DEV-00485,MAC-00485,macOS,P02,15.4,MacBook Pro 14,SN00000485,user0353@example.com,R01,BU05,JAMF,Active,2023-12-01,2023-12-02,2026-05-23,2028-11-29,CC-140
DEV-00486,WIN-00486,Windows,P01,24H2,Lenovo ThinkPad T14,SN00000486,user0188@example.com,R01,BU02,Intune,Active,2024-04-13,2024-04-22,2026-06-07,2029-04-12,CC-178
DEV-00487,WIN-00487,Windows,P01,24H2,Dell Latitude 7450,SN00000487,user0190@example.com,R06,BU04,Intune,Active,2023-04-27,2023-05-15,2026-04-30,2028-04-25,CC-171
DEV-00488,WIN-00488,Windows,P01,23H2,Lenovo ThinkPad T14,SN00000488,user0061@example.com,R03,BU03,Intune,Active,2025-05-05,2025-05-28,2026-05-21,2030-05-04,CC-195
DEV-00489,WIN-00489,Windows,P01,23H2,Dell Latitude 7450,SN00000489,user0200@example.com,R06,BU02,Intune,Active,2023-11-08,2023-11-21,2026-05-28,2028-11-06,CC-181
DEV-00490,WIN-00490,Windows,P01,23H2,HP EliteBook 840,SN00000490,user0114@example.com,R01,BU02,Intune,Active,2024-05-14,2024-05-28,2026-06-29,2029-05-13,CC-147
DEV-00491,WIN-00491,Windows,P01,24H2,Lenovo ThinkPad T14,SN00000491,user0306@example.com,R01,BU04,Intune,Disposed,2023-04-01,2023-04-21,2026-04-18,2028-03-30,CC-107
DEV-00492,AND-00492,Android,P04,16,Samsung Galaxy S25,SN00000492,user0018@example.com,R02,BU04,MDM,Active,2022-02-18,2022-03-18,2026-04-17,2027-02-17,CC-176
DEV-00493,WIN-00493,Windows,P01,23H2,Lenovo ThinkPad T14,SN00000493,user0001@example.com,R06,BU02,Intune,Active,2024-10-12,2024-10-14,2026-05-25,2029-10-11,CC-120
DEV-00494,WIN-00494,Windows,P01,23H2,Lenovo ThinkPad T14,SN00000494,user0008@example.com,R03,BU04,Intune,Active,2023-03-21,2023-04-03,2026-04-26,2028-03-19,CC-194
DEV-00495,MAC-00495,macOS,P02,15.1,MacBook Air 15,SN00000495,user0142@example.com,R01,BU05,JAMF,Active,2025-08-27,2025-09-14,2026-04-27,2030-08-26,CC-128
DEV-00496,MAC-00496,macOS,P02,14.7,MacBook Air 15,SN00000496,user0260@example.com,R02,BU04,JAMF,Disposed,2024-03-23,2024-03-24,2026-06-07,2029-03-22,CC-113
DEV-00497,WIN-00497,Windows,P01,24H2,Lenovo ThinkPad T14,SN00000497,user0295@example.com,R05,BU03,Intune,Active,2021-08-28,2021-09-23,2026-05-06,2026-08-27,CC-132
DEV-00498,MAC-00498,macOS,P02,15.1,MacBook Air 15,SN00000498,user0301@example.com,R04,BU05,JAMF,Active,2022-05-14,2022-06-08,2026-05-28,2027-05-13,CC-103
DEV-00499,WIN-00499,Windows,P01,23H2,HP EliteBook 840,SN00000499,user0212@example.com,R03,BU01,Intune,Active,2025-06-04,2025-06-12,2026-04-15,2030-06-03,CC-145
DEV-00500,WIN-00500,Windows,P01,24H2,Dell Latitude 7450,SN00000500,user0284@example.com,R01,BU03,Intune,Active,2021-07-10,2021-07-23,2026-04-15,2026-07-09,CC-122
